Iteration   Cost 	bf_1 	bf_2 	bf_3 	bf_4 	bf_5 	bf_6 	bf_7 	bf_8 	bf_9 	bf_10 	bf_11 	bf_12 	depth_1 	depth_2 	depth_3 	depth_4 	depth_5 	depth_6 	depth_7 	depth_8 	depth_9 	depth_10 	depth_11 	depth_12 	depth_13 	depth_14 	depth_15 	depth_16 	depth_17
1 	4.962941732523246E7 	0.0 	0.0 	0.0 	0.0 	0.0 	0.0 	0.0 	0.0 	0.0 	0.0 	0.0 	0.0 	0.0 	0.0 	0.0 	0.0 	0.0 	0.0 	0.0 	0.0 	0.0 	0.0 	0.0 	0.0 	0.0 	0.0 	0.0 	0.0 	0.0
2 	4.963186991295599E7 	0.2 	0.0 	0.0 	0.0 	0.0 	0.0 	0.0 	0.0 	0.0 	0.0 	0.0 	0.0 	0.0 	0.0 	0.0 	0.0 	0.0 	0.0 	0.0 	0.0 	0.0 	0.0 	0.0 	0.0 	0.0 	0.0 	0.0 	0.0 	0.0
3 	4.966702172290767E7 	0.0 	0.2 	0.0 	0.0 	0.0 	0.0 	0.0 	0.0 	0.0 	0.0 	0.0 	0.0 	0.0 	0.0 	0.0 	0.0 	0.0 	0.0 	0.0 	0.0 	0.0 	0.0 	0.0 	0.0 	0.0 	0.0 	0.0 	0.0 	0.0
4 	4.999186987215455E7 	0.0 	0.0 	0.2 	0.0 	0.0 	0.0 	0.0 	0.0 	0.0 	0.0 	0.0 	0.0 	0.0 	0.0 	0.0 	0.0 	0.0 	0.0 	0.0 	0.0 	0.0 	0.0 	0.0 	0.0 	0.0 	0.0 	0.0 	0.0 	0.0
5 	4.886150031587103E7 	0.0 	0.0 	0.0 	0.2 	0.0 	0.0 	0.0 	0.0 	0.0 	0.0 	0.0 	0.0 	0.0 	0.0 	0.0 	0.0 	0.0 	0.0 	0.0 	0.0 	0.0 	0.0 	0.0 	0.0 	0.0 	0.0 	0.0 	0.0 	0.0
6 	4.910605258897665E7 	0.0 	0.0 	0.0 	0.0 	0.2 	0.0 	0.0 	0.0 	0.0 	0.0 	0.0 	0.0 	0.0 	0.0 	0.0 	0.0 	0.0 	0.0 	0.0 	0.0 	0.0 	0.0 	0.0 	0.0 	0.0 	0.0 	0.0 	0.0 	0.0
7 	4.953799983711389E7 	0.0 	0.0 	0.0 	0.0 	0.0 	0.2 	0.0 	0.0 	0.0 	0.0 	0.0 	0.0 	0.0 	0.0 	0.0 	0.0 	0.0 	0.0 	0.0 	0.0 	0.0 	0.0 	0.0 	0.0 	0.0 	0.0 	0.0 	0.0 	0.0
8 	4.974355963841242E7 	0.0 	0.0 	0.0 	0.0 	0.0 	0.0 	0.2 	0.0 	0.0 	0.0 	0.0 	0.0 	0.0 	0.0 	0.0 	0.0 	0.0 	0.0 	0.0 	0.0 	0.0 	0.0 	0.0 	0.0 	0.0 	0.0 	0.0 	0.0 	0.0
9 	4.927197768953083E7 	0.0 	0.0 	0.0 	0.0 	0.0 	0.0 	0.0 	0.2 	0.0 	0.0 	0.0 	0.0 	0.0 	0.0 	0.0 	0.0 	0.0 	0.0 	0.0 	0.0 	0.0 	0.0 	0.0 	0.0 	0.0 	0.0 	0.0 	0.0 	0.0
10 	4.9726369851750106E7 	0.0 	0.0 	0.0 	0.0 	0.0 	0.0 	0.0 	0.0 	0.2 	0.0 	0.0 	0.0 	0.0 	0.0 	0.0 	0.0 	0.0 	0.0 	0.0 	0.0 	0.0 	0.0 	0.0 	0.0 	0.0 	0.0 	0.0 	0.0 	0.0
11 	4.9628175048634104E7 	0.0 	0.0 	0.0 	0.0 	0.0 	0.0 	0.0 	0.0 	0.0 	0.2 	0.0 	0.0 	0.0 	0.0 	0.0 	0.0 	0.0 	0.0 	0.0 	0.0 	0.0 	0.0 	0.0 	0.0 	0.0 	0.0 	0.0 	0.0 	0.0
12 	4.965155808343913E7 	0.0 	0.0 	0.0 	0.0 	0.0 	0.0 	0.0 	0.0 	0.0 	0.0 	0.2 	0.0 	0.0 	0.0 	0.0 	0.0 	0.0 	0.0 	0.0 	0.0 	0.0 	0.0 	0.0 	0.0 	0.0 	0.0 	0.0 	0.0 	0.0
13 	4.9784444089894556E7 	0.0 	0.0 	0.0 	0.0 	0.0 	0.0 	0.0 	0.0 	0.0 	0.0 	0.0 	0.2 	0.0 	0.0 	0.0 	0.0 	0.0 	0.0 	0.0 	0.0 	0.0 	0.0 	0.0 	0.0 	0.0 	0.0 	0.0 	0.0 	0.0
14 	4.9630341093582034E7 	0.0 	0.0 	0.0 	0.0 	0.0 	0.0 	0.0 	0.0 	0.0 	0.0 	0.0 	0.0 	0.05 	0.0 	0.0 	0.0 	0.0 	0.0 	0.0 	0.0 	0.0 	0.0 	0.0 	0.0 	0.0 	0.0 	0.0 	0.0 	0.0
15 	4.963374882503268E7 	0.0 	0.0 	0.0 	0.0 	0.0 	0.0 	0.0 	0.0 	0.0 	0.0 	0.0 	0.0 	0.0 	0.05 	0.0 	0.0 	0.0 	0.0 	0.0 	0.0 	0.0 	0.0 	0.0 	0.0 	0.0 	0.0 	0.0 	0.0 	0.0
16 	4.964425895549291E7 	0.0 	0.0 	0.0 	0.0 	0.0 	0.0 	0.0 	0.0 	0.0 	0.0 	0.0 	0.0 	0.0 	0.0 	0.05 	0.0 	0.0 	0.0 	0.0 	0.0 	0.0 	0.0 	0.0 	0.0 	0.0 	0.0 	0.0 	0.0 	0.0
17 	4.964205982690877E7 	0.0 	0.0 	0.0 	0.0 	0.0 	0.0 	0.0 	0.0 	0.0 	0.0 	0.0 	0.0 	0.0 	0.0 	0.0 	0.05 	0.0 	0.0 	0.0 	0.0 	0.0 	0.0 	0.0 	0.0 	0.0 	0.0 	0.0 	0.0 	0.0
18 	4.9675526163538456E7 	0.0 	0.0 	0.0 	0.0 	0.0 	0.0 	0.0 	0.0 	0.0 	0.0 	0.0 	0.0 	0.0 	0.0 	0.0 	0.0 	0.05 	0.0 	0.0 	0.0 	0.0 	0.0 	0.0 	0.0 	0.0 	0.0 	0.0 	0.0 	0.0
19 	5.1806195849381045E7 	0.0 	0.0 	0.0 	0.0 	0.0 	0.0 	0.0 	0.0 	0.0 	0.0 	0.0 	0.0 	0.0 	0.0 	0.0 	0.0 	0.0 	0.05 	0.0 	0.0 	0.0 	0.0 	0.0 	0.0 	0.0 	0.0 	0.0 	0.0 	0.0
20 	4.98417572535704E7 	0.0 	0.0 	0.0 	0.0 	0.0 	0.0 	0.0 	0.0 	0.0 	0.0 	0.0 	0.0 	0.0 	0.0 	0.0 	0.0 	0.0 	0.0 	0.05 	0.0 	0.0 	0.0 	0.0 	0.0 	0.0 	0.0 	0.0 	0.0 	0.0
21 	4.978634028768471E7 	0.0 	0.0 	0.0 	0.0 	0.0 	0.0 	0.0 	0.0 	0.0 	0.0 	0.0 	0.0 	0.0 	0.0 	0.0 	0.0 	0.0 	0.0 	0.0 	0.05 	0.0 	0.0 	0.0 	0.0 	0.0 	0.0 	0.0 	0.0 	0.0
22 	4.9798700131778106E7 	0.0 	0.0 	0.0 	0.0 	0.0 	0.0 	0.0 	0.0 	0.0 	0.0 	0.0 	0.0 	0.0 	0.0 	0.0 	0.0 	0.0 	0.0 	0.0 	0.0 	0.05 	0.0 	0.0 	0.0 	0.0 	0.0 	0.0 	0.0 	0.0
23 	5.2522380555512555E7 	0.0 	0.0 	0.0 	0.0 	0.0 	0.0 	0.0 	0.0 	0.0 	0.0 	0.0 	0.0 	0.0 	0.0 	0.0 	0.0 	0.0 	0.0 	0.0 	0.0 	0.0 	0.05 	0.0 	0.0 	0.0 	0.0 	0.0 	0.0 	0.0
24 	5.022502213582365E7 	0.0 	0.0 	0.0 	0.0 	0.0 	0.0 	0.0 	0.0 	0.0 	0.0 	0.0 	0.0 	0.0 	0.0 	0.0 	0.0 	0.0 	0.0 	0.0 	0.0 	0.0 	0.0 	0.05 	0.0 	0.0 	0.0 	0.0 	0.0 	0.0
25 	5.0611094539328694E7 	0.0 	0.0 	0.0 	0.0 	0.0 	0.0 	0.0 	0.0 	0.0 	0.0 	0.0 	0.0 	0.0 	0.0 	0.0 	0.0 	0.0 	0.0 	0.0 	0.0 	0.0 	0.0 	0.0 	0.05 	0.0 	0.0 	0.0 	0.0 	0.0
26 	5.9647922436656095E7 	0.0 	0.0 	0.0 	0.0 	0.0 	0.0 	0.0 	0.0 	0.0 	0.0 	0.0 	0.0 	0.0 	0.0 	0.0 	0.0 	0.0 	0.0 	0.0 	0.0 	0.0 	0.0 	0.0 	0.0 	0.05 	0.0 	0.0 	0.0 	0.0
27 	5.054020675330872E7 	0.0 	0.0 	0.0 	0.0 	0.0 	0.0 	0.0 	0.0 	0.0 	0.0 	0.0 	0.0 	0.0 	0.0 	0.0 	0.0 	0.0 	0.0 	0.0 	0.0 	0.0 	0.0 	0.0 	0.0 	0.0 	0.05 	0.0 	0.0 	0.0
28 	5.3707556293637484E7 	0.0 	0.0 	0.0 	0.0 	0.0 	0.0 	0.0 	0.0 	0.0 	0.0 	0.0 	0.0 	0.0 	0.0 	0.0 	0.0 	0.0 	0.0 	0.0 	0.0 	0.0 	0.0 	0.0 	0.0 	0.0 	0.0 	0.05 	0.0 	0.0
29 	5.000371940632826E7 	0.0 	0.0 	0.0 	0.0 	0.0 	0.0 	0.0 	0.0 	0.0 	0.0 	0.0 	0.0 	0.0 	0.0 	0.0 	0.0 	0.0 	0.0 	0.0 	0.0 	0.0 	0.0 	0.0 	0.0 	0.0 	0.0 	0.0 	0.05 	0.0
30 	4.982293395492062E7 	0.0 	0.0 	0.0 	0.0 	0.0 	0.0 	0.0 	0.0 	0.0 	0.0 	0.0 	0.0 	0.0 	0.0 	0.0 	0.0 	0.0 	0.0 	0.0 	0.0 	0.0 	0.0 	0.0 	0.0 	0.0 	0.0 	0.0 	0.0 	0.05
31 	2.9598912555660926E7 	-0.21103666182845307 	-0.21103666182845246 	-0.2110366618284536 	-0.061295748792118965 	0.21103666182845277 	0.21103666182845313 	0.21103666182845351 	0.21103666182845304 	-0.21103666182845304 	-0.21103666182845182 	0.21103666182845315 	-0.21103666182845393 	-0.10551833091422642 	-0.10551833091422641 	-0.10551833091422658 	0.10551833091422624 	-0.08967403244771514 	0.002945524931330521 	0.047801254722548155 	-0.0993240255688888 	0.05759437547255345 	-0.08943256896772672 	0.10551833091422641 	0.10551833091422669 	-0.10551833091422645 	-0.011015333531033789 	-0.10551833091422612 	-0.04009685755519857 	0.05032142742772638
32 	2.3595010151013575E7 	-0.4000000000000012 	-0.3328779970331015 	-0.4000000000000009 	-0.02883303475726952 	0.40000000000000113 	0.400000000000001 	0.4000000000000008 	0.40000000000000047 	-0.4 	-0.4000000000000006 	0.400000000000001 	-0.4000000000000019 	-0.20000000000000018 	-0.1999999999999997 	-0.2000000000000005 	0.20000000000000065 	-0.20000000000000015 	0.017380172090459587 	0.12959517101332457 	-0.1216400625204302 	0.17830466272795453 	-0.19999999999999976 	0.20000000000000037 	-0.20000000000000007 	-0.164725687715025 	-0.18060591828751857 	-0.20000000000000023 	-0.15012416555707478 	0.1577487441887916
33 	2.4339196740495145E7 	-0.3999999999999948 	-0.3723347654665358 	-0.40000000000000396 	-0.05685453234757329 	0.4000000000000307 	0.40000000000006175 	0.4000000000000066 	0.39999999999999836 	-0.39999999999999636 	-0.39999999999999536 	0.3999999999999996 	-0.40000000000031677 	-0.19999999999999982 	-0.1999999999999982 	-0.1999999999999989 	0.2000000000001513 	-0.1977186760716792 	0.0167899447947474 	0.12681378326141682 	-0.12005675130407593 	0.1690095210962604 	-0.1856809323907342 	0.20000000000003856 	-0.15779367882930354 	-0.18179915881056455 	-0.17327784198576604 	-0.17466752788992712 	-0.18469161620543106 	0.16080726540081836
34 	2.3956934771662533E7 	-0.39999999999999847 	-0.3526063812498186 	-0.400000000000003 	-0.042843783552421424 	0.400000000000016 	0.40000000000003194 	0.4000000000000039 	0.3999999999999989 	-0.39999999999999836 	-0.39999999999999786 	0.40000000000000085 	-0.40000000000015945 	-0.2 	-0.19999999999999896 	-0.19999999999999976 	0.20000000000007617 	-0.1988593380358397 	0.01708505844260348 	0.12820447713737088 	-0.12084840691225314 	0.1736570919121077 	-0.19284046619536674 	0.20000000000001938 	-0.17889683941465173 	-0.17326242326279462 	-0.17694188013664197 	-0.18733376394496365 	-0.16740789088125285 	0.1592780047948048
35 	2.3773010873220127E7 	-0.3999999999999994 	-0.34274218914145993 	-0.40000000000000185 	-0.03583840915484548 	0.40000000000000835 	0.40000000000001645 	0.4000000000000026 	0.39999999999999997 	-0.399999999999999 	-0.39999999999999925 	0.4000000000000009 	-0.4000000000000807 	-0.20000000000000015 	-0.19999999999999934 	-0.20000000000000012 	0.20000000000003837 	-0.19942966901791986 	0.01723261526653153 	0.12889982407534772 	-0.12124423471634169 	0.17598087732003115 	-0.19642023309768325 	0.20000000000000995 	-0.18944841970732607 	-0.1689940554889098 	-0.1787738992120803 	-0.19366688197248197 	-0.15876602821916375 	0.15851337449179823
36 	2.3683564141419362E7 	-0.40000000000000047 	-0.33781009308728066 	-0.40000000000000135 	-0.032335721956057495 	0.4000000000000047 	0.40000000000000885 	0.4000000000000018 	0.4000000000000002 	-0.3999999999999995 	-0.4 	0.4000000000000011 	-0.4000000000000412 	-0.20000000000000015 	-0.1999999999999995 	-0.20000000000000037 	0.2000000000000195 	-0.19971483450896002 	0.017306393678495565 	0.12924749754433607 	-0.12144214861838591 	0.17714277002399278 	-0.19821011654884155 	0.20000000000000517 	-0.19472420985366298 	-0.1668598716019674 	-0.17968990874979945 	-0.19683344098624111 	-0.15444509688811925 	0.15813105934029492
37 	2.3639194863972303E7 	-0.40000000000000074 	-0.3353440450601911 	-0.40000000000000113 	-0.03058437835666351 	0.4000000000000029 	0.4000000000000049 	0.4000000000000012 	0.40000000000000036 	-0.3999999999999999 	-0.40000000000000036 	0.40000000000000097 	-0.40000000000002156 	-0.20000000000000018 	-0.19999999999999962 	-0.2000000000000004 	0.20000000000001003 	-0.19985741725448017 	0.017343282884477576 	0.12942133427883035 	-0.12154110556940807 	0.17772371637597364 	-0.19910505827442065 	0.20000000000000276 	-0.19736210492683157 	-0.16579277965849618 	-0.180147913518659 	-0.1984167204931207 	-0.15228463122259703 	0.15793990176454323
38 	2.359366879661843E7 	-0.4000000000000012 	-0.3328009330322549 	-0.4000000000000008 	-0.028778305269788453 	0.40000000000000113 	0.40000000000000085 	0.40000000000000074 	0.4000000000000004 	-0.4 	-0.40000000000000063 	0.4000000000000009 	-0.40000000000000124 	-0.20000000000000018 	-0.19999999999999968 	-0.20000000000000048 	0.20000000000000037 	-0.20000445571079767 	0.01738132487814653 	0.12960060341127758 	-0.12164315492514965 	0.17832281730145386 	-0.2000279669289241 	0.20000000000000026 	-0.20008243422103658 	-0.1646923410917915 	-0.18062023093654542 	-0.20004947748459023 	-0.15005665100502724 	0.15774277051454938
39 	2.435716065634476E7 	-0.39999999999989416 	-0.3626613012379139 	-0.3999999999936996 	-0.04806419198464603 	0.4000000000028567 	0.39999999999941815 	0.40000000000474595 	0.4000000000403402 	-0.40000000000116676 	-0.3999999999998081 	0.4000000000004391 	-0.4000000000079464 	-0.1999999999999767 	-0.2000000000001689 	-0.20000000000058193 	0.19999999998885667 	-0.19932950012130946 	0.014313238753808771 	0.12660794477545798 	-0.11815197379606722 	0.1729454611046535 	-0.15049447176396358 	0.19999999997668733 	-0.1267112510286384 	-0.19445702722946243 	-0.1659353969415417 	-0.18608140934155454 	-0.18546879102289615 	0.16069590422216107
40 	2.3298530678814966E7 	-0.4000000000000552 	-0.31787074892942524 	-0.4000000000031516 	-0.019135361912359667 	0.39999999999857394 	0.40000000000029234 	0.3999999999976285 	0.39999999997983 	-0.39999999999941716 	-0.4000000000000969 	0.3999999999997814 	-0.39999999999602825 	-0.2000000000000117 	-0.19999999999991538 	-0.1999999999997093 	0.2000000000055724 	-0.20034193350554247 	0.018915367940315383 	0.13109693272918757 	-0.12338874548969103 	0.18101149539985395 	-0.22479471451140476 	0.20000000001165705 	-0.2367680258172354 	-0.14980999802295553 	-0.18796264793404743 	-0.20703351155610797 	-0.13235058099609281 	0.15626620366074367
41 	2.338396895566088E7 	-0.3999999999999644 	-0.3999999999987127 	-0.400000000016999 	-0.0412241808533164 	0.40000000000459024 	0.4000000000021873 	0.40000000000045 	0.40000000000316094 	-0.4000000000004966 	-0.4000000000000796 	0.4000000000001569 	-0.4000000000034112 	-0.2000000000000166 	-0.20000000000008566 	-0.20000000000008 	0.200000000027025 	-0.18452680749253025 	0.008871143154639966 	0.12736526396993164 	-0.13429477697154646 	0.20000000000220663 	-0.27236937252435567 	0.20000000008379082 	-0.1435275024268896 	-0.11976684928600534 	-0.14424419196100768 	-0.21985206321198436 	-0.1730418714641262 	0.14120179635629193
42 	2.3506005393675633E7 	-0.40000000000010116 	-0.27680612339478183 	-0.3999999999962274 	-0.008090952441881308 	0.39999999999556635 	0.3999999999993453 	0.3999999999962174 	0.39999999996816427 	-0.39999999999887614 	-0.40000000000010605 	0.399999999999594 	-0.39999999999233715 	-0.20000000000000917 	-0.19999999999982976 	-0.199999999999524 	0.19999999999484575 	-0.20824949651204816 	0.0239374803331531 	0.1329627671088155 	-0.11793572974876321 	0.17151724309867744 	-0.20100738550492914 	0.19999999997559048 	-0.28338828751240785 	-0.16483157239143098 	-0.20982187592056745 	-0.20062423572816956 	-0.11200493576207615 	0.16379840731296957
43 	2.326154600666518E7 	-0.4000000000000322 	-0.3384030616967469 	-0.4000000000066138 	-0.024657566647598845 	0.40000000000007796 	0.4000000000007661 	0.3999999999983335 	0.3999999999856627 	-0.3999999999996873 	-0.40000000000009256 	0.3999999999998749 	-0.399999999997874 	-0.20000000000001292 	-0.19999999999995788 	-0.19999999999980198 	0.20000000001093565 	-0.19638815200228948 	0.01640431174389654 	0.13016401553937357 	-0.12611525336015492 	0.18575862155044212 	-0.2366883790146425 	0.20000000002969032 	-0.21345789496964893 	-0.1422992108387178 	-0.17703303394078732 	-0.21023814947007716 	-0.14252340361310112 	0.1525001018346307
44 	2.313747978682755E7 	-0.40000000000003766 	-0.3904715031305953 	-0.40000000001793656 	-0.0202583371645033 	0.4000000000080006 	0.4000000000020709 	0.3999999999994811 	0.40000000000969116 	-0.40000000000048375 	-0.4000000000002012 	0.40000000000001124 	-0.4000000000044106 	-0.20000000000004392 	-0.19999999999992824 	-0.19999999999952434 	0.20000000003068252 	-0.17922366226696806 	0.01844116627568336 	0.1359308532900318 	-0.13388093351881164 	0.19517826630016383 	-0.2923445788329443 	0.20000000010590052 	0.006968756951914679 	-0.10696246273590909 	-0.1964472152769361 	-0.2250464467096076 	-0.19110888328345077 	0.11808972215761454
45 	2.3284875421716888E7 	-0.40000000000009267 	-0.39354502070143516 	-0.40000000012045256 	-0.06079379693399988 	0.40000000003681596 	0.40000000000288444 	0.39999999999930813 	0.400000000033165 	-0.4000000000009667 	-0.40000000000033153 	0.3999999999997735 	-0.40000000001170044 	-0.20000000000007057 	-0.19999999999998347 	-0.19999999999969148 	0.20000000012678495 	-0.16920223778532778 	0.033042194610132566 	0.1303038245937656 	-0.13978421368484983 	0.15134492659677845 	-0.30033966564539616 	0.2000000002816566 	0.06923302855833169 	-0.09707189972699021 	-0.1975932036410573 	-0.22465425856030216 	-0.1661701465353619 	0.1030515487392954
46 	2.3131007142984003E7 	-0.4000000000000101 	-0.3889347443451752 	-0.3999999999666786 	9.39272024499168E-6 	0.3999999999935928 	0.4000000000016639 	0.39999999999956787 	0.399999999997954 	-0.4000000000002425 	-0.4000000000001361 	0.4000000000001301 	-0.4000000000007657 	-0.20000000000003074 	-0.19999999999990067 	-0.1999999999994408 	0.19999999998263143 	-0.1842343745077883 	0.011140652108458757 	0.138744367638165 	-0.1309292934357926 	0.2170949361518565 	-0.2883470354267183 	0.20000000001802232 	-0.02416337885129391 	-0.11190774424036848 	-0.19587422109487534 	-0.22524254078426043 	-0.20357825165749527 	0.12560880886677406
47 	2.3185558229369465E7 	-0.4000000000000311 	-0.3920698654607604 	-0.39999999997549973 	0.018408671789158882 	0.3999999999980532 	0.4000000000067511 	0.39999999999912517 	0.40000000000239666 	-0.4000000000011493 	-0.4000000000001804 	0.39999999999990965 	-0.40000000000429015 	-0.20000000000006518 	-0.19999999999995424 	-0.19999999999956586 	0.1999999999857477 	-0.17809831500308965 	0.00916757826429632 	0.12672414161449397 	-0.1253325326512098 	0.2197062269519278 	-0.2800569252385929 	0.18088247933173146 	0.03934887645964178 	-0.10646553507328572 	-0.197043178893676 	-0.21765788417878462 	-0.15044616415921047 	0.122477018392427
48 	2.319709032606754E7 	-0.39999999999999963 	-0.3873671837873827 	-0.3999999999622682 	-0.009190246814211956 	0.3999999999913626 	0.39999999999912034 	0.3999999999997893 	0.3999999999957323 	-0.3999999999997889 	-0.4000000000001141 	0.40000000000024055 	-0.39999999999900343 	-0.20000000000001353 	-0.19999999999987397 	-0.1999999999993784 	0.19999999998107335 	-0.18730240426013756 	0.01212718903053998 	0.14475448065000054 	-0.13372767382808393 	0.2157892907518207 	-0.2924920905207812 	0.2095587603611678 	-0.05591950650676168 	-0.11462884882390988 	-0.19528974219547496 	-0.22903486908699824 	-0.2301442954066377 	0.1271747041039475
49 	2.3124451289343346E7 	-0.40000000000001534 	-0.38971852462407164 	-0.3999999999688837 	0.004609212487473463 	0.399999999994708 	0.4000000000029358 	0.3999999999994572 	0.3999999999990647 	-0.4000000000004693 	-0.4000000000001471 	0.40000000000007496 	-0.4000000000016468 	-0.2000000000000393 	-0.19999999999991402 	-0.19999999999947207 	0.19999999998341045 	-0.18270035963161357 	0.010647383647418154 	0.13573931113224724 	-0.12953010323964695 	0.21774775885187436 	-0.286274507879687 	0.19522061984644956 	-0.00828531502355998 	-0.11054719194859775 	-0.1961664605445755 	-0.22334637663289147 	-0.190295229782924 	0.12482586124818734
50 	2.325587474839788E7 	-0.40000000000003244 	-0.3187168440136891 	-0.39999999997550706 	-0.002550874077864682 	0.399999999998905 	0.40000000001076297 	0.39999999999946534 	0.40000000000476793 	-0.40000000000113434 	-0.40000000000012953 	0.4000000000001571 	-0.4000000000069886 	-0.20000000000009127 	-0.1999999999999132 	-0.19999999999936868 	0.1999999999869669 	-0.18186908239728455 	0.02031530973133229 	0.1143133810450674 	-0.08694100667520746 	0.18611652708546303 	-0.27705461607993115 	0.1963659988818472 	0.016335780637719777 	-0.1065523445041632 	-0.18510028600081796 	-0.21586829869415095 	-0.12760734657568962 	0.14284135323079358
51 	2.3184877897673886E7 	-0.40000000000000663 	-0.42521936492926315 	-0.39999999996557173 	0.008189255770142533 	0.3999999999926094 	0.3999999999990221 	0.3999999999994529 	0.399999999996213 	-0.4000000000001367 	-0.40000000000015584 	0.4000000000000336 	-0.39999999999897584 	-0.20000000000001336 	-0.19999999999991436 	-0.19999999999952375 	0.19999999998163223 	-0.1831159982487781 	0.005813420605461093 	0.14645227617583723 	-0.15082465152186664 	0.2335633747350801 	-0.29088445377956484 	0.19464793032875088 	-0.020595862854199898 	-0.11254461567081503 	-0.20169954781645436 	-0.2270854156022617 	-0.22163917138654116 	0.11581811525688424
52 	2.3130926012918554E7 	-0.4000000000000197 	-0.37196810447147605 	-0.39999999997053987 	0.0028191908461389255 	0.3999999999957572 	0.4000000000048927 	0.3999999999994591 	0.4000000000004906 	-0.4000000000006355 	-0.40000000000014274 	0.40000000000009545 	-0.4000000000029823 	-0.20000000000005236 	-0.19999999999991389 	-0.19999999999944623 	0.1999999999842997 	-0.18249254032303128 	0.013064365168396683 	0.13038282861045225 	-0.11888282909853713 	0.20983995091027133 	-0.28396953492974814 	0.19550696460529893 	-0.002130041108240001 	-0.10954848008748905 	-0.1933999169086361 	-0.22147685714820636 	-0.17462325898111547 	0.12932973424383887
53 	2.3128281986379247E7 	-0.40000000000001323 	-0.3985937347003695 	-0.39999999996805563 	0.005504223308140733 	0.39999999999418345 	0.4000000000019574 	0.39999999999945607 	0.3999999999983518 	-0.4000000000003861 	-0.4000000000001493 	0.40000000000006475 	-0.4000000000009791 	-0.20000000000003282 	-0.19999999999991416 	-0.199999999999485 	0.1999999999829659 	-0.18280426928590476 	0.009438892886928889 	0.1384175523931447 	-0.13485374031020192 	0.2217016628226758 	-0.28742699435465646 	0.19507744746702485 	-0.01136295198121995 	-0.1110465478791521 	-0.1975497323625452 	-0.22428113637523406 	-0.1981312151838283 	0.12257392475036161
54 	2.3124135877890904E7 	-0.40000000000001656 	-0.38528091958592287 	-0.39999999996929764 	0.004161707077139825 	0.3999999999949704 	0.40000000000342495 	0.3999999999994578 	0.3999999999994212 	-0.40000000000051095 	-0.400000000000146 	0.40000000000008007 	-0.40000000000198077 	-0.20000000000004248 	-0.19999999999991402 	-0.1999999999994656 	0.19999999998363263 	-0.18264840480446806 	0.011251629027662786 	0.13440019050179844 	-0.1268682847043696 	0.21577080686647368 	-0.2856982646422024 	0.1952922060361619 	-0.006746496544729985 	-0.11029751398332059 	-0.19547482463559065 	-0.22287899676172016 	-0.18637723708247186 	0.12595182949710018
55 	2.3573780609416675E7 	-0.4000000000000419 	-0.17274321019459526 	-0.34552325587102195 	-0.009292444091496599 	0.4000000000006433 	0.4000000000089119 	0.3999999999989705 	0.4000000000065459 	-0.4000000000020829 	-0.40000000000012836 	0.40000000000016456 	-0.40000000000814007 	-0.1961079974231511 	-0.19999999999986798 	-0.19999999999935683 	0.19999999998757895 	-0.18086453456003027 	0.02157507334136717 	0.11049492434607783 	-0.09824687204805505 	0.18466951384151212 	-0.2802128021924293 	0.18754671708548237 	0.033826547952873466 	-0.10568155054871517 	-0.1806000619117732 	-0.21727034228068687 	-0.11745425609586727 	0.14599310154523154
56 	2.3028795896606587E7 	-0.40000000000000374 	-0.49154977428158647 	-0.42723837201843556 	0.01088878266145804 	0.39999999999213365 	0.4000000000006815 	0.3999999999997014 	0.39999999999585895 	-0.39999999999972496 	-0.4000000000001544 	0.40000000000003755 	-0.3999999999989009 	-0.2019460012884882 	-0.19999999999993712 	-0.19999999999951995 	0.19999999998165957 	-0.18354033992668692 	0.006089906870810597 	0.14635282357965881 	-0.14117899103252685 	0.23132145337895438 	-0.2884409958670888 	0.19916495051150165 	-0.027033018793531722 	-0.11260549570062334 	-0.20291220599749915 	-0.22568332400223678 	-0.22083872757577405 	0.11593119347303449
57 	2.288242097064177E7 	-0.4000000000000206 	-0.4107005724205625 	-0.44063036478418316 	0.02144029017242252 	0.39999999999493857 	0.40000000000108094 	0.3999999999992823 	0.39999999999951713 	-0.40000000000004454 	-0.40000000000014824 	0.39999999999986346 	-0.4000000000006043 	-0.20007907956292847 	-0.1999999999999179 	-0.19999999999930473 	0.19999999998371484 	-0.18503296593294738 	0.008217187032142444 	0.14250929096019027 	-0.14651310895278521 	0.2235976160089927 	-0.2819727990010512 	0.1992406760551691 	-0.02031901150706511 	-0.11027056459233615 	-0.20333876520412192 	-0.22070524219940463 	-0.18368527208117164 	0.12355487989533802
58 	2.2807400318750724E7 	-0.4000000000000677 	-0.33721924798657016 	-0.4549224753813832 	0.03316666658503561 	0.3999999999985118 	0.4000000000016781 	0.3999999999987025 	0.4000000000036778 	-0.40000000000050895 	-0.4000000000000905 	0.3999999999996821 	-0.40000000000398966 	-0.19849465701781874 	-0.19999999999985485 	-0.19999999999896004 	0.199999999985825 	-0.18638956727535233 	0.009740026245644167 	0.138526140248891 	-0.1511282370079487 	0.21811720224618014 	-0.27603753400950803 	0.1993095006429699 	-0.01668088340190786 	-0.10849747335453881 	-0.20246082327055223 	-0.2163259615787743 	-0.14890831138135902 	0.10934072350850373
59 	2.2845270832934435E7 	-0.40000000000014413 	-0.2790825699304047 	-0.46767255314341794 	0.03205015731002556 	0.40000000000368763 	0.4000000000027299 	0.3999999999974563 	0.40000000001207675 	-0.4000000000012588 	-0.40000000000000724 	0.39999999999940355 	-0.4000000000079202 	-0.19741284254194577 	-0.19999999999982465 	-0.19999999999868945 	0.19812414962983138 	-0.18746287802623568 	0.01143367515232779 	0.13576584637039707 	-0.1549822356100211 	0.20049052929857225 	-0.2706850526991089 	0.19936395302914076 	-0.005077263228973667 	-0.10716873000864355 	-0.20286253301966492 	-0.21251131978207866 	-0.12357877838258785 	0.1087947527274455
60 	2.2802979656772446E7 	-0.40000000000002933 	-0.366287587014653 	-0.44854743650036577 	0.03372492122254063 	0.39999999999592395 	0.40000000000115227 	0.3999999999993257 	0.3999999999994783 	-0.40000000000013414 	-0.40000000000013225 	0.3999999999998214 	-0.40000000000202435 	-0.19903556425575525 	-0.19999999999986998 	-0.19999999999909537 	0.20093792516382192 	-0.1858529118999106 	0.008893201792302354 	0.13990628718813794 	-0.14920123770691246 	0.2269305387199841 	-0.27871377466470765 	0.19928227444988447 	-0.022482693488374943 	-0.10916184502748645 	-0.20225996839599597 	-0.21823328247712212 	-0.1615730778807446 	0.10961370889903281
61 	2.2741517551884577E7 	-0.4000000000000683 	-0.29122872853448134 	-0.46533957674424564 	0.027597918187027747 	0.4000000000012479 	0.40000000000249925 	0.3999999999982602 	0.4000000000056435 	-0.40000000000087554 	-0.4000000000000961 	0.3999999999993691 	-0.40000000000597036 	-0.19663140016894773 	-0.19999999999983797 	-0.19999999999887372 	0.195863768311162 	-0.18723863744361688 	0.012710016933893125 	0.13932451317828237 	-0.15417704205996288 	0.21235820582353823 	-0.2717568521300356 	0.19935257660667013 	-0.018582053634720038 	-0.10733967910050464 	-0.2004891650968421 	-0.2132148088063489 	-0.13600392643218168 	0.10654127489047109
62 	2.2705897981394302E7 	-0.400000000000094 	-0.22513325626308572 	-0.48927434709633766 	0.01691578628608429 	0.40000000000492475 	0.4000000000036538 	0.39999999999766683 	0.40000000001411734 	-0.4000000000016695 	-0.40000000000005126 	0.39999999999918284 	-0.38919261612640615 	-0.19695350656808533 	-0.19999999999983054 	-0.19999999999864498 	0.18909354547644297 	-0.1884588822767231 	0.01651164179602284 	0.14311563812090647 	-0.1507997354854407 	0.20160097077663963 	-0.2682125410747041 	0.19941448340822274 	-0.018710546286738787 	-0.10488802829245261 	-0.19909708128783232 	-0.209878300210568 	-0.11801671918673579 	0.11547782269485167
63 	2.2683988918273386E7 	-0.40000000000015656 	-0.18419489065208897 	-0.49597883439736956 	0.007637417614097965 	0.40000000001212044 	0.4000000000049128 	0.3909763673871398 	0.4000000000233031 	-0.3933555706223896 	-0.3999999999999522 	0.39999999999863967 	-0.38990036387117355 	-0.19550078887737057 	-0.1999999999997191 	-0.19999999999784804 	0.18183863713529322 	-0.1892146803259853 	0.01899532523211807 	0.1419610117256859 	-0.1476094400003969 	0.19300558647619454 	-0.26404207505516264 	0.19945282740202103 	-0.020172176447139475 	-0.10352803454579036 	-0.19863658987144095 	-0.20673426399754805 	-0.10731954898374652 	0.12101296223306739
64 	2.2672357558917437E7 	-0.40000000000017494 	-0.15651139528704966 	-0.5005641808857426 	0.0011209144968756938 	0.3983815928927513 	0.400000000005466 	0.3914039741548748 	0.3994133645551116 	-0.39150159223094605 	-0.399999999999941 	0.39999999999841707 	-0.3903789596991683 	-0.19411919685592743 	-0.19999999999966409 	-0.19999999999764295 	0.1770602060145974 	-0.18972576892179138 	0.02088539293205394 	0.14162112769550228 	-0.14570824089092674 	0.1861497428714513 	-0.2608841073470555 	0.19947875651261399 	-0.021612964700510873 	-0.1025178382031877 	-0.198450562173235 	-0.20436321069677635 	-0.10090592474944278 	0.1247559550771945
65 	2.2669904350294832E7 	-0.40000000000019975 	-0.13916614159608753 	-0.5052004926358461 	-0.0037878082227578436 	0.39843203513623504 	0.400000000005919 	0.3884140429012188 	0.39943164871298964 	-0.3917664691699481 	-0.39999999999992464 	0.39999999999822755 	-0.39067882667933607 	-0.1932966655562487 	-0.19999999999963702 	-0.1999999999975222 	0.17324757826703074 	-0.18878942007638888 	0.022163782871121827 	0.1420197306142366 	-0.14450081544216253 	0.18149793353867927 	-0.25946303201081417 	0.19949500254999003 	-0.0212685519612215 	-0.10167938049059841 	-0.19824074654152352 	-0.20309995535243436 	-0.09740216620500443 	0.12710114883230003
66 	2.265982010498547E7 	-0.4000000000002013 	-0.14893419431444127 	-0.5099623838497317 	-0.009214370001416627 	0.39849075436860704 	0.40000000000595587 	0.3785702657587611 	0.39945293308849933 	-0.391835703102625 	-0.39999999999992253 	0.3999999999981629 	-0.3910278983648171 	-0.19212845725168773 	-0.1999999999996589 	-0.19999999999765528 	0.17055260126432115 	-0.18839525011517166 	0.023459515509971298 	0.1432302190671491 	-0.13917732195964594 	0.1767595421448664 	-0.2580140391865568 	0.1995139143752797 	-0.02117185927433678 	-0.10063384780212278 	-0.19830662942701127 	-0.20171091656522075 	-0.09233029839629281 	0.12983116182098384
67 	2.2658733314994387E7 	-0.4000000000002166 	-0.1569490363474543 	-0.5129031797254126 	-0.013532043605021981 	0.3985389344299356 	0.40000000000609953 	0.3721152689289583 	0.399470397256826 	-0.39209633417256806 	-0.39999999999990377 	0.3931033740468186 	-0.3913143172187015 	-0.1905542186967467 	-0.19999999999964516 	-0.19999999999768336 	0.16764594619981757 	-0.18716673819381596 	0.02463444780725728 	0.14311319606196146 	-0.1346015389493191 	0.17267614604444528 	-0.2567759413723708 	0.19952943182956395 	-0.020891045006498528 	-0.09976816917647392 	-0.19806986070165755 	-0.20054067976042275 	-0.08842882012100513 	0.13207118073791535
-1 	2.2658733314994387E7 	-0.4000000000002166 	-0.1569490363474543 	-0.5129031797254126 	-0.013532043605021981 	0.3985389344299356 	0.40000000000609953 	0.3721152689289583 	0.399470397256826 	-0.39209633417256806 	-0.39999999999990377 	0.3931033740468186 	-0.3913143172187015 	-0.1905542186967467 	-0.19999999999964516 	-0.19999999999768336 	0.16764594619981757 	-0.18716673819381596 	0.02463444780725728 	0.14311319606196146 	-0.1346015389493191 	0.17267614604444528 	-0.2567759413723708 	0.19952943182956395 	-0.020891045006498528 	-0.09976816917647392 	-0.19806986070165755 	-0.20054067976042275 	-0.08842882012100513 	0.13207118073791535
