Iteration   Cost 	bf_1 	bf_2 	bf_3 	bf_4 	bf_5 	bf_6 	bf_7 	bf_8 	bf_9 	bf_10 	bf_11 	bf_12 	bf_13 	bf_14 	bf_15 	bf_16 	bf_17 	depth_1 	depth_2 	depth_3 	depth_4 	depth_5 	depth_6 	depth_7 	depth_8 	depth_9 	depth_10 	depth_11 	depth_12 	depth_13 	depth_14 	depth_15 	depth_16 	depth_17 	depth_18 	depth_19 	depth_20 	depth_21 	vis_1 	vis_2 	vis_3 	vis_4 	vis_5 	vis_6 	vis_7 	vis_8 	vis_9 	vis_10 	vis_11 	vis_12 	vis_13
1 	9438663.797040015 	0.0 	0.0 	0.0 	0.0 	0.0 	0.0 	0.0 	0.0 	0.0 	0.0 	0.0 	0.0 	0.0 	0.0 	0.0 	0.0 	0.0 	0.0 	0.0 	0.0 	0.0 	0.0 	0.0 	0.0 	0.0 	0.0 	0.0 	0.0 	0.0 	0.0 	0.0 	0.0 	0.0 	0.0 	0.0 	0.0 	0.0 	0.0 	0.0 	0.0 	0.0 	0.0 	0.0 	0.0 	0.0 	0.0 	0.0 	0.0 	0.0 	0.0 	0.0
2 	9494501.560207602 	0.2 	0.0 	0.0 	0.0 	0.0 	0.0 	0.0 	0.0 	0.0 	0.0 	0.0 	0.0 	0.0 	0.0 	0.0 	0.0 	0.0 	0.0 	0.0 	0.0 	0.0 	0.0 	0.0 	0.0 	0.0 	0.0 	0.0 	0.0 	0.0 	0.0 	0.0 	0.0 	0.0 	0.0 	0.0 	0.0 	0.0 	0.0 	0.0 	0.0 	0.0 	0.0 	0.0 	0.0 	0.0 	0.0 	0.0 	0.0 	0.0 	0.0 	0.0
3 	9639084.884593412 	0.0 	0.2 	0.0 	0.0 	0.0 	0.0 	0.0 	0.0 	0.0 	0.0 	0.0 	0.0 	0.0 	0.0 	0.0 	0.0 	0.0 	0.0 	0.0 	0.0 	0.0 	0.0 	0.0 	0.0 	0.0 	0.0 	0.0 	0.0 	0.0 	0.0 	0.0 	0.0 	0.0 	0.0 	0.0 	0.0 	0.0 	0.0 	0.0 	0.0 	0.0 	0.0 	0.0 	0.0 	0.0 	0.0 	0.0 	0.0 	0.0 	0.0 	0.0
4 	9482512.646793388 	0.0 	0.0 	0.2 	0.0 	0.0 	0.0 	0.0 	0.0 	0.0 	0.0 	0.0 	0.0 	0.0 	0.0 	0.0 	0.0 	0.0 	0.0 	0.0 	0.0 	0.0 	0.0 	0.0 	0.0 	0.0 	0.0 	0.0 	0.0 	0.0 	0.0 	0.0 	0.0 	0.0 	0.0 	0.0 	0.0 	0.0 	0.0 	0.0 	0.0 	0.0 	0.0 	0.0 	0.0 	0.0 	0.0 	0.0 	0.0 	0.0 	0.0 	0.0
5 	9488691.678006873 	0.0 	0.0 	0.0 	0.2 	0.0 	0.0 	0.0 	0.0 	0.0 	0.0 	0.0 	0.0 	0.0 	0.0 	0.0 	0.0 	0.0 	0.0 	0.0 	0.0 	0.0 	0.0 	0.0 	0.0 	0.0 	0.0 	0.0 	0.0 	0.0 	0.0 	0.0 	0.0 	0.0 	0.0 	0.0 	0.0 	0.0 	0.0 	0.0 	0.0 	0.0 	0.0 	0.0 	0.0 	0.0 	0.0 	0.0 	0.0 	0.0 	0.0 	0.0
6 	9650512.290296705 	0.0 	0.0 	0.0 	0.0 	0.2 	0.0 	0.0 	0.0 	0.0 	0.0 	0.0 	0.0 	0.0 	0.0 	0.0 	0.0 	0.0 	0.0 	0.0 	0.0 	0.0 	0.0 	0.0 	0.0 	0.0 	0.0 	0.0 	0.0 	0.0 	0.0 	0.0 	0.0 	0.0 	0.0 	0.0 	0.0 	0.0 	0.0 	0.0 	0.0 	0.0 	0.0 	0.0 	0.0 	0.0 	0.0 	0.0 	0.0 	0.0 	0.0 	0.0
7 	9608340.783802161 	0.0 	0.0 	0.0 	0.0 	0.0 	0.2 	0.0 	0.0 	0.0 	0.0 	0.0 	0.0 	0.0 	0.0 	0.0 	0.0 	0.0 	0.0 	0.0 	0.0 	0.0 	0.0 	0.0 	0.0 	0.0 	0.0 	0.0 	0.0 	0.0 	0.0 	0.0 	0.0 	0.0 	0.0 	0.0 	0.0 	0.0 	0.0 	0.0 	0.0 	0.0 	0.0 	0.0 	0.0 	0.0 	0.0 	0.0 	0.0 	0.0 	0.0 	0.0
8 	9283093.281787274 	0.0 	0.0 	0.0 	0.0 	0.0 	0.0 	0.2 	0.0 	0.0 	0.0 	0.0 	0.0 	0.0 	0.0 	0.0 	0.0 	0.0 	0.0 	0.0 	0.0 	0.0 	0.0 	0.0 	0.0 	0.0 	0.0 	0.0 	0.0 	0.0 	0.0 	0.0 	0.0 	0.0 	0.0 	0.0 	0.0 	0.0 	0.0 	0.0 	0.0 	0.0 	0.0 	0.0 	0.0 	0.0 	0.0 	0.0 	0.0 	0.0 	0.0 	0.0
9 	9415273.746983575 	0.0 	0.0 	0.0 	0.0 	0.0 	0.0 	0.0 	0.2 	0.0 	0.0 	0.0 	0.0 	0.0 	0.0 	0.0 	0.0 	0.0 	0.0 	0.0 	0.0 	0.0 	0.0 	0.0 	0.0 	0.0 	0.0 	0.0 	0.0 	0.0 	0.0 	0.0 	0.0 	0.0 	0.0 	0.0 	0.0 	0.0 	0.0 	0.0 	0.0 	0.0 	0.0 	0.0 	0.0 	0.0 	0.0 	0.0 	0.0 	0.0 	0.0 	0.0
10 	9475847.93841321 	0.0 	0.0 	0.0 	0.0 	0.0 	0.0 	0.0 	0.0 	0.2 	0.0 	0.0 	0.0 	0.0 	0.0 	0.0 	0.0 	0.0 	0.0 	0.0 	0.0 	0.0 	0.0 	0.0 	0.0 	0.0 	0.0 	0.0 	0.0 	0.0 	0.0 	0.0 	0.0 	0.0 	0.0 	0.0 	0.0 	0.0 	0.0 	0.0 	0.0 	0.0 	0.0 	0.0 	0.0 	0.0 	0.0 	0.0 	0.0 	0.0 	0.0 	0.0
11 	9733202.637931952 	0.0 	0.0 	0.0 	0.0 	0.0 	0.0 	0.0 	0.0 	0.0 	0.2 	0.0 	0.0 	0.0 	0.0 	0.0 	0.0 	0.0 	0.0 	0.0 	0.0 	0.0 	0.0 	0.0 	0.0 	0.0 	0.0 	0.0 	0.0 	0.0 	0.0 	0.0 	0.0 	0.0 	0.0 	0.0 	0.0 	0.0 	0.0 	0.0 	0.0 	0.0 	0.0 	0.0 	0.0 	0.0 	0.0 	0.0 	0.0 	0.0 	0.0 	0.0
12 	9484680.116103534 	0.0 	0.0 	0.0 	0.0 	0.0 	0.0 	0.0 	0.0 	0.0 	0.0 	0.2 	0.0 	0.0 	0.0 	0.0 	0.0 	0.0 	0.0 	0.0 	0.0 	0.0 	0.0 	0.0 	0.0 	0.0 	0.0 	0.0 	0.0 	0.0 	0.0 	0.0 	0.0 	0.0 	0.0 	0.0 	0.0 	0.0 	0.0 	0.0 	0.0 	0.0 	0.0 	0.0 	0.0 	0.0 	0.0 	0.0 	0.0 	0.0 	0.0 	0.0
13 	9445264.650872732 	0.0 	0.0 	0.0 	0.0 	0.0 	0.0 	0.0 	0.0 	0.0 	0.0 	0.0 	0.2 	0.0 	0.0 	0.0 	0.0 	0.0 	0.0 	0.0 	0.0 	0.0 	0.0 	0.0 	0.0 	0.0 	0.0 	0.0 	0.0 	0.0 	0.0 	0.0 	0.0 	0.0 	0.0 	0.0 	0.0 	0.0 	0.0 	0.0 	0.0 	0.0 	0.0 	0.0 	0.0 	0.0 	0.0 	0.0 	0.0 	0.0 	0.0 	0.0
14 	9449574.68218384 	0.0 	0.0 	0.0 	0.0 	0.0 	0.0 	0.0 	0.0 	0.0 	0.0 	0.0 	0.0 	0.2 	0.0 	0.0 	0.0 	0.0 	0.0 	0.0 	0.0 	0.0 	0.0 	0.0 	0.0 	0.0 	0.0 	0.0 	0.0 	0.0 	0.0 	0.0 	0.0 	0.0 	0.0 	0.0 	0.0 	0.0 	0.0 	0.0 	0.0 	0.0 	0.0 	0.0 	0.0 	0.0 	0.0 	0.0 	0.0 	0.0 	0.0 	0.0
15 	9722616.649566792 	0.0 	0.0 	0.0 	0.0 	0.0 	0.0 	0.0 	0.0 	0.0 	0.0 	0.0 	0.0 	0.0 	0.2 	0.0 	0.0 	0.0 	0.0 	0.0 	0.0 	0.0 	0.0 	0.0 	0.0 	0.0 	0.0 	0.0 	0.0 	0.0 	0.0 	0.0 	0.0 	0.0 	0.0 	0.0 	0.0 	0.0 	0.0 	0.0 	0.0 	0.0 	0.0 	0.0 	0.0 	0.0 	0.0 	0.0 	0.0 	0.0 	0.0 	0.0
16 	9549930.211706504 	0.0 	0.0 	0.0 	0.0 	0.0 	0.0 	0.0 	0.0 	0.0 	0.0 	0.0 	0.0 	0.0 	0.0 	0.2 	0.0 	0.0 	0.0 	0.0 	0.0 	0.0 	0.0 	0.0 	0.0 	0.0 	0.0 	0.0 	0.0 	0.0 	0.0 	0.0 	0.0 	0.0 	0.0 	0.0 	0.0 	0.0 	0.0 	0.0 	0.0 	0.0 	0.0 	0.0 	0.0 	0.0 	0.0 	0.0 	0.0 	0.0 	0.0 	0.0
17 	9501293.32141589 	0.0 	0.0 	0.0 	0.0 	0.0 	0.0 	0.0 	0.0 	0.0 	0.0 	0.0 	0.0 	0.0 	0.0 	0.0 	0.2 	0.0 	0.0 	0.0 	0.0 	0.0 	0.0 	0.0 	0.0 	0.0 	0.0 	0.0 	0.0 	0.0 	0.0 	0.0 	0.0 	0.0 	0.0 	0.0 	0.0 	0.0 	0.0 	0.0 	0.0 	0.0 	0.0 	0.0 	0.0 	0.0 	0.0 	0.0 	0.0 	0.0 	0.0 	0.0
18 	9423365.159543585 	0.0 	0.0 	0.0 	0.0 	0.0 	0.0 	0.0 	0.0 	0.0 	0.0 	0.0 	0.0 	0.0 	0.0 	0.0 	0.0 	0.2 	0.0 	0.0 	0.0 	0.0 	0.0 	0.0 	0.0 	0.0 	0.0 	0.0 	0.0 	0.0 	0.0 	0.0 	0.0 	0.0 	0.0 	0.0 	0.0 	0.0 	0.0 	0.0 	0.0 	0.0 	0.0 	0.0 	0.0 	0.0 	0.0 	0.0 	0.0 	0.0 	0.0 	0.0
19 	9091812.302278338 	0.0 	0.0 	0.0 	0.0 	0.0 	0.0 	0.0 	0.0 	0.0 	0.0 	0.0 	0.0 	0.0 	0.0 	0.0 	0.0 	0.0 	0.05 	0.0 	0.0 	0.0 	0.0 	0.0 	0.0 	0.0 	0.0 	0.0 	0.0 	0.0 	0.0 	0.0 	0.0 	0.0 	0.0 	0.0 	0.0 	0.0 	0.0 	0.0 	0.0 	0.0 	0.0 	0.0 	0.0 	0.0 	0.0 	0.0 	0.0 	0.0 	0.0 	0.0
20 	9257293.843588607 	0.0 	0.0 	0.0 	0.0 	0.0 	0.0 	0.0 	0.0 	0.0 	0.0 	0.0 	0.0 	0.0 	0.0 	0.0 	0.0 	0.0 	0.0 	0.05 	0.0 	0.0 	0.0 	0.0 	0.0 	0.0 	0.0 	0.0 	0.0 	0.0 	0.0 	0.0 	0.0 	0.0 	0.0 	0.0 	0.0 	0.0 	0.0 	0.0 	0.0 	0.0 	0.0 	0.0 	0.0 	0.0 	0.0 	0.0 	0.0 	0.0 	0.0 	0.0
21 	9100390.94227502 	0.0 	0.0 	0.0 	0.0 	0.0 	0.0 	0.0 	0.0 	0.0 	0.0 	0.0 	0.0 	0.0 	0.0 	0.0 	0.0 	0.0 	0.0 	0.0 	0.05 	0.0 	0.0 	0.0 	0.0 	0.0 	0.0 	0.0 	0.0 	0.0 	0.0 	0.0 	0.0 	0.0 	0.0 	0.0 	0.0 	0.0 	0.0 	0.0 	0.0 	0.0 	0.0 	0.0 	0.0 	0.0 	0.0 	0.0 	0.0 	0.0 	0.0 	0.0
22 	9304326.83599923 	0.0 	0.0 	0.0 	0.0 	0.0 	0.0 	0.0 	0.0 	0.0 	0.0 	0.0 	0.0 	0.0 	0.0 	0.0 	0.0 	0.0 	0.0 	0.0 	0.0 	0.05 	0.0 	0.0 	0.0 	0.0 	0.0 	0.0 	0.0 	0.0 	0.0 	0.0 	0.0 	0.0 	0.0 	0.0 	0.0 	0.0 	0.0 	0.0 	0.0 	0.0 	0.0 	0.0 	0.0 	0.0 	0.0 	0.0 	0.0 	0.0 	0.0 	0.0
23 	8970775.620066464 	0.0 	0.0 	0.0 	0.0 	0.0 	0.0 	0.0 	0.0 	0.0 	0.0 	0.0 	0.0 	0.0 	0.0 	0.0 	0.0 	0.0 	0.0 	0.0 	0.0 	0.0 	0.05 	0.0 	0.0 	0.0 	0.0 	0.0 	0.0 	0.0 	0.0 	0.0 	0.0 	0.0 	0.0 	0.0 	0.0 	0.0 	0.0 	0.0 	0.0 	0.0 	0.0 	0.0 	0.0 	0.0 	0.0 	0.0 	0.0 	0.0 	0.0 	0.0
24 	9308174.02827529 	0.0 	0.0 	0.0 	0.0 	0.0 	0.0 	0.0 	0.0 	0.0 	0.0 	0.0 	0.0 	0.0 	0.0 	0.0 	0.0 	0.0 	0.0 	0.0 	0.0 	0.0 	0.0 	0.05 	0.0 	0.0 	0.0 	0.0 	0.0 	0.0 	0.0 	0.0 	0.0 	0.0 	0.0 	0.0 	0.0 	0.0 	0.0 	0.0 	0.0 	0.0 	0.0 	0.0 	0.0 	0.0 	0.0 	0.0 	0.0 	0.0 	0.0 	0.0
25 	9107346.005025117 	0.0 	0.0 	0.0 	0.0 	0.0 	0.0 	0.0 	0.0 	0.0 	0.0 	0.0 	0.0 	0.0 	0.0 	0.0 	0.0 	0.0 	0.0 	0.0 	0.0 	0.0 	0.0 	0.0 	0.05 	0.0 	0.0 	0.0 	0.0 	0.0 	0.0 	0.0 	0.0 	0.0 	0.0 	0.0 	0.0 	0.0 	0.0 	0.0 	0.0 	0.0 	0.0 	0.0 	0.0 	0.0 	0.0 	0.0 	0.0 	0.0 	0.0 	0.0
26 	8626498.526666807 	0.0 	0.0 	0.0 	0.0 	0.0 	0.0 	0.0 	0.0 	0.0 	0.0 	0.0 	0.0 	0.0 	0.0 	0.0 	0.0 	0.0 	0.0 	0.0 	0.0 	0.0 	0.0 	0.0 	0.0 	0.05 	0.0 	0.0 	0.0 	0.0 	0.0 	0.0 	0.0 	0.0 	0.0 	0.0 	0.0 	0.0 	0.0 	0.0 	0.0 	0.0 	0.0 	0.0 	0.0 	0.0 	0.0 	0.0 	0.0 	0.0 	0.0 	0.0
27 	7396221.153546374 	0.0 	0.0 	0.0 	0.0 	0.0 	0.0 	0.0 	0.0 	0.0 	0.0 	0.0 	0.0 	0.0 	0.0 	0.0 	0.0 	0.0 	0.0 	0.0 	0.0 	0.0 	0.0 	0.0 	0.0 	0.0 	0.05 	0.0 	0.0 	0.0 	0.0 	0.0 	0.0 	0.0 	0.0 	0.0 	0.0 	0.0 	0.0 	0.0 	0.0 	0.0 	0.0 	0.0 	0.0 	0.0 	0.0 	0.0 	0.0 	0.0 	0.0 	0.0
28 	9452584.137392804 	0.0 	0.0 	0.0 	0.0 	0.0 	0.0 	0.0 	0.0 	0.0 	0.0 	0.0 	0.0 	0.0 	0.0 	0.0 	0.0 	0.0 	0.0 	0.0 	0.0 	0.0 	0.0 	0.0 	0.0 	0.0 	0.0 	0.05 	0.0 	0.0 	0.0 	0.0 	0.0 	0.0 	0.0 	0.0 	0.0 	0.0 	0.0 	0.0 	0.0 	0.0 	0.0 	0.0 	0.0 	0.0 	0.0 	0.0 	0.0 	0.0 	0.0 	0.0
29 	9265679.599670934 	0.0 	0.0 	0.0 	0.0 	0.0 	0.0 	0.0 	0.0 	0.0 	0.0 	0.0 	0.0 	0.0 	0.0 	0.0 	0.0 	0.0 	0.0 	0.0 	0.0 	0.0 	0.0 	0.0 	0.0 	0.0 	0.0 	0.0 	0.05 	0.0 	0.0 	0.0 	0.0 	0.0 	0.0 	0.0 	0.0 	0.0 	0.0 	0.0 	0.0 	0.0 	0.0 	0.0 	0.0 	0.0 	0.0 	0.0 	0.0 	0.0 	0.0 	0.0
30 	8481613.561095972 	0.0 	0.0 	0.0 	0.0 	0.0 	0.0 	0.0 	0.0 	0.0 	0.0 	0.0 	0.0 	0.0 	0.0 	0.0 	0.0 	0.0 	0.0 	0.0 	0.0 	0.0 	0.0 	0.0 	0.0 	0.0 	0.0 	0.0 	0.0 	0.05 	0.0 	0.0 	0.0 	0.0 	0.0 	0.0 	0.0 	0.0 	0.0 	0.0 	0.0 	0.0 	0.0 	0.0 	0.0 	0.0 	0.0 	0.0 	0.0 	0.0 	0.0 	0.0
31 	9389229.756978199 	0.0 	0.0 	0.0 	0.0 	0.0 	0.0 	0.0 	0.0 	0.0 	0.0 	0.0 	0.0 	0.0 	0.0 	0.0 	0.0 	0.0 	0.0 	0.0 	0.0 	0.0 	0.0 	0.0 	0.0 	0.0 	0.0 	0.0 	0.0 	0.0 	0.05 	0.0 	0.0 	0.0 	0.0 	0.0 	0.0 	0.0 	0.0 	0.0 	0.0 	0.0 	0.0 	0.0 	0.0 	0.0 	0.0 	0.0 	0.0 	0.0 	0.0 	0.0
32 	9243889.091804406 	0.0 	0.0 	0.0 	0.0 	0.0 	0.0 	0.0 	0.0 	0.0 	0.0 	0.0 	0.0 	0.0 	0.0 	0.0 	0.0 	0.0 	0.0 	0.0 	0.0 	0.0 	0.0 	0.0 	0.0 	0.0 	0.0 	0.0 	0.0 	0.0 	0.0 	0.05 	0.0 	0.0 	0.0 	0.0 	0.0 	0.0 	0.0 	0.0 	0.0 	0.0 	0.0 	0.0 	0.0 	0.0 	0.0 	0.0 	0.0 	0.0 	0.0 	0.0
33 	9346292.203658042 	0.0 	0.0 	0.0 	0.0 	0.0 	0.0 	0.0 	0.0 	0.0 	0.0 	0.0 	0.0 	0.0 	0.0 	0.0 	0.0 	0.0 	0.0 	0.0 	0.0 	0.0 	0.0 	0.0 	0.0 	0.0 	0.0 	0.0 	0.0 	0.0 	0.0 	0.0 	0.05 	0.0 	0.0 	0.0 	0.0 	0.0 	0.0 	0.0 	0.0 	0.0 	0.0 	0.0 	0.0 	0.0 	0.0 	0.0 	0.0 	0.0 	0.0 	0.0
34 	9384533.006847061 	0.0 	0.0 	0.0 	0.0 	0.0 	0.0 	0.0 	0.0 	0.0 	0.0 	0.0 	0.0 	0.0 	0.0 	0.0 	0.0 	0.0 	0.0 	0.0 	0.0 	0.0 	0.0 	0.0 	0.0 	0.0 	0.0 	0.0 	0.0 	0.0 	0.0 	0.0 	0.0 	0.05 	0.0 	0.0 	0.0 	0.0 	0.0 	0.0 	0.0 	0.0 	0.0 	0.0 	0.0 	0.0 	0.0 	0.0 	0.0 	0.0 	0.0 	0.0
35 	9366502.929167498 	0.0 	0.0 	0.0 	0.0 	0.0 	0.0 	0.0 	0.0 	0.0 	0.0 	0.0 	0.0 	0.0 	0.0 	0.0 	0.0 	0.0 	0.0 	0.0 	0.0 	0.0 	0.0 	0.0 	0.0 	0.0 	0.0 	0.0 	0.0 	0.0 	0.0 	0.0 	0.0 	0.0 	0.05 	0.0 	0.0 	0.0 	0.0 	0.0 	0.0 	0.0 	0.0 	0.0 	0.0 	0.0 	0.0 	0.0 	0.0 	0.0 	0.0 	0.0
36 	9431057.495688627 	0.0 	0.0 	0.0 	0.0 	0.0 	0.0 	0.0 	0.0 	0.0 	0.0 	0.0 	0.0 	0.0 	0.0 	0.0 	0.0 	0.0 	0.0 	0.0 	0.0 	0.0 	0.0 	0.0 	0.0 	0.0 	0.0 	0.0 	0.0 	0.0 	0.0 	0.0 	0.0 	0.0 	0.0 	0.05 	0.0 	0.0 	0.0 	0.0 	0.0 	0.0 	0.0 	0.0 	0.0 	0.0 	0.0 	0.0 	0.0 	0.0 	0.0 	0.0
37 	9395063.889410965 	0.0 	0.0 	0.0 	0.0 	0.0 	0.0 	0.0 	0.0 	0.0 	0.0 	0.0 	0.0 	0.0 	0.0 	0.0 	0.0 	0.0 	0.0 	0.0 	0.0 	0.0 	0.0 	0.0 	0.0 	0.0 	0.0 	0.0 	0.0 	0.0 	0.0 	0.0 	0.0 	0.0 	0.0 	0.0 	0.05 	0.0 	0.0 	0.0 	0.0 	0.0 	0.0 	0.0 	0.0 	0.0 	0.0 	0.0 	0.0 	0.0 	0.0 	0.0
38 	9345402.134139849 	0.0 	0.0 	0.0 	0.0 	0.0 	0.0 	0.0 	0.0 	0.0 	0.0 	0.0 	0.0 	0.0 	0.0 	0.0 	0.0 	0.0 	0.0 	0.0 	0.0 	0.0 	0.0 	0.0 	0.0 	0.0 	0.0 	0.0 	0.0 	0.0 	0.0 	0.0 	0.0 	0.0 	0.0 	0.0 	0.0 	0.05 	0.0 	0.0 	0.0 	0.0 	0.0 	0.0 	0.0 	0.0 	0.0 	0.0 	0.0 	0.0 	0.0 	0.0
39 	9018400.90217361 	0.0 	0.0 	0.0 	0.0 	0.0 	0.0 	0.0 	0.0 	0.0 	0.0 	0.0 	0.0 	0.0 	0.0 	0.0 	0.0 	0.0 	0.0 	0.0 	0.0 	0.0 	0.0 	0.0 	0.0 	0.0 	0.0 	0.0 	0.0 	0.0 	0.0 	0.0 	0.0 	0.0 	0.0 	0.0 	0.0 	0.0 	0.05 	0.0 	0.0 	0.0 	0.0 	0.0 	0.0 	0.0 	0.0 	0.0 	0.0 	0.0 	0.0 	0.0
40 	9438669.73086321 	0.0 	0.0 	0.0 	0.0 	0.0 	0.0 	0.0 	0.0 	0.0 	0.0 	0.0 	0.0 	0.0 	0.0 	0.0 	0.0 	0.0 	0.0 	0.0 	0.0 	0.0 	0.0 	0.0 	0.0 	0.0 	0.0 	0.0 	0.0 	0.0 	0.0 	0.0 	0.0 	0.0 	0.0 	0.0 	0.0 	0.0 	0.0 	2.0 	0.0 	0.0 	0.0 	0.0 	0.0 	0.0 	0.0 	0.0 	0.0 	0.0 	0.0 	0.0
41 	9438449.823438348 	0.0 	0.0 	0.0 	0.0 	0.0 	0.0 	0.0 	0.0 	0.0 	0.0 	0.0 	0.0 	0.0 	0.0 	0.0 	0.0 	0.0 	0.0 	0.0 	0.0 	0.0 	0.0 	0.0 	0.0 	0.0 	0.0 	0.0 	0.0 	0.0 	0.0 	0.0 	0.0 	0.0 	0.0 	0.0 	0.0 	0.0 	0.0 	0.0 	2.0 	0.0 	0.0 	0.0 	0.0 	0.0 	0.0 	0.0 	0.0 	0.0 	0.0 	0.0
42 	9438673.920654636 	0.0 	0.0 	0.0 	0.0 	0.0 	0.0 	0.0 	0.0 	0.0 	0.0 	0.0 	0.0 	0.0 	0.0 	0.0 	0.0 	0.0 	0.0 	0.0 	0.0 	0.0 	0.0 	0.0 	0.0 	0.0 	0.0 	0.0 	0.0 	0.0 	0.0 	0.0 	0.0 	0.0 	0.0 	0.0 	0.0 	0.0 	0.0 	0.0 	0.0 	2.0 	0.0 	0.0 	0.0 	0.0 	0.0 	0.0 	0.0 	0.0 	0.0 	0.0
43 	9422096.4663238 	0.0 	0.0 	0.0 	0.0 	0.0 	0.0 	0.0 	0.0 	0.0 	0.0 	0.0 	0.0 	0.0 	0.0 	0.0 	0.0 	0.0 	0.0 	0.0 	0.0 	0.0 	0.0 	0.0 	0.0 	0.0 	0.0 	0.0 	0.0 	0.0 	0.0 	0.0 	0.0 	0.0 	0.0 	0.0 	0.0 	0.0 	0.0 	0.0 	0.0 	0.0 	2.0 	0.0 	0.0 	0.0 	0.0 	0.0 	0.0 	0.0 	0.0 	0.0
44 	9438554.614726983 	0.0 	0.0 	0.0 	0.0 	0.0 	0.0 	0.0 	0.0 	0.0 	0.0 	0.0 	0.0 	0.0 	0.0 	0.0 	0.0 	0.0 	0.0 	0.0 	0.0 	0.0 	0.0 	0.0 	0.0 	0.0 	0.0 	0.0 	0.0 	0.0 	0.0 	0.0 	0.0 	0.0 	0.0 	0.0 	0.0 	0.0 	0.0 	0.0 	0.0 	0.0 	0.0 	2.0 	0.0 	0.0 	0.0 	0.0 	0.0 	0.0 	0.0 	0.0
45 	9438624.518176317 	0.0 	0.0 	0.0 	0.0 	0.0 	0.0 	0.0 	0.0 	0.0 	0.0 	0.0 	0.0 	0.0 	0.0 	0.0 	0.0 	0.0 	0.0 	0.0 	0.0 	0.0 	0.0 	0.0 	0.0 	0.0 	0.0 	0.0 	0.0 	0.0 	0.0 	0.0 	0.0 	0.0 	0.0 	0.0 	0.0 	0.0 	0.0 	0.0 	0.0 	0.0 	0.0 	0.0 	2.0 	0.0 	0.0 	0.0 	0.0 	0.0 	0.0 	0.0
46 	9437293.311814252 	0.0 	0.0 	0.0 	0.0 	0.0 	0.0 	0.0 	0.0 	0.0 	0.0 	0.0 	0.0 	0.0 	0.0 	0.0 	0.0 	0.0 	0.0 	0.0 	0.0 	0.0 	0.0 	0.0 	0.0 	0.0 	0.0 	0.0 	0.0 	0.0 	0.0 	0.0 	0.0 	0.0 	0.0 	0.0 	0.0 	0.0 	0.0 	0.0 	0.0 	0.0 	0.0 	0.0 	0.0 	2.0 	0.0 	0.0 	0.0 	0.0 	0.0 	0.0
47 	9439848.857717056 	0.0 	0.0 	0.0 	0.0 	0.0 	0.0 	0.0 	0.0 	0.0 	0.0 	0.0 	0.0 	0.0 	0.0 	0.0 	0.0 	0.0 	0.0 	0.0 	0.0 	0.0 	0.0 	0.0 	0.0 	0.0 	0.0 	0.0 	0.0 	0.0 	0.0 	0.0 	0.0 	0.0 	0.0 	0.0 	0.0 	0.0 	0.0 	0.0 	0.0 	0.0 	0.0 	0.0 	0.0 	0.0 	2.0 	0.0 	0.0 	0.0 	0.0 	0.0
48 	9438787.9637792 	0.0 	0.0 	0.0 	0.0 	0.0 	0.0 	0.0 	0.0 	0.0 	0.0 	0.0 	0.0 	0.0 	0.0 	0.0 	0.0 	0.0 	0.0 	0.0 	0.0 	0.0 	0.0 	0.0 	0.0 	0.0 	0.0 	0.0 	0.0 	0.0 	0.0 	0.0 	0.0 	0.0 	0.0 	0.0 	0.0 	0.0 	0.0 	0.0 	0.0 	0.0 	0.0 	0.0 	0.0 	0.0 	0.0 	2.0 	0.0 	0.0 	0.0 	0.0
49 	9431643.858216548 	0.0 	0.0 	0.0 	0.0 	0.0 	0.0 	0.0 	0.0 	0.0 	0.0 	0.0 	0.0 	0.0 	0.0 	0.0 	0.0 	0.0 	0.0 	0.0 	0.0 	0.0 	0.0 	0.0 	0.0 	0.0 	0.0 	0.0 	0.0 	0.0 	0.0 	0.0 	0.0 	0.0 	0.0 	0.0 	0.0 	0.0 	0.0 	0.0 	0.0 	0.0 	0.0 	0.0 	0.0 	0.0 	0.0 	0.0 	2.0 	0.0 	0.0 	0.0
50 	9436466.407138137 	0.0 	0.0 	0.0 	0.0 	0.0 	0.0 	0.0 	0.0 	0.0 	0.0 	0.0 	0.0 	0.0 	0.0 	0.0 	0.0 	0.0 	0.0 	0.0 	0.0 	0.0 	0.0 	0.0 	0.0 	0.0 	0.0 	0.0 	0.0 	0.0 	0.0 	0.0 	0.0 	0.0 	0.0 	0.0 	0.0 	0.0 	0.0 	0.0 	0.0 	0.0 	0.0 	0.0 	0.0 	0.0 	0.0 	0.0 	0.0 	2.0 	0.0 	0.0
51 	9438654.64499466 	0.0 	0.0 	0.0 	0.0 	0.0 	0.0 	0.0 	0.0 	0.0 	0.0 	0.0 	0.0 	0.0 	0.0 	0.0 	0.0 	0.0 	0.0 	0.0 	0.0 	0.0 	0.0 	0.0 	0.0 	0.0 	0.0 	0.0 	0.0 	0.0 	0.0 	0.0 	0.0 	0.0 	0.0 	0.0 	0.0 	0.0 	0.0 	0.0 	0.0 	0.0 	0.0 	0.0 	0.0 	0.0 	0.0 	0.0 	0.0 	0.0 	2.0 	0.0
52 	9434539.61901766 	0.0 	0.0 	0.0 	0.0 	0.0 	0.0 	0.0 	0.0 	0.0 	0.0 	0.0 	0.0 	0.0 	0.0 	0.0 	0.0 	0.0 	0.0 	0.0 	0.0 	0.0 	0.0 	0.0 	0.0 	0.0 	0.0 	0.0 	0.0 	0.0 	0.0 	0.0 	0.0 	0.0 	0.0 	0.0 	0.0 	0.0 	0.0 	0.0 	0.0 	0.0 	0.0 	0.0 	0.0 	0.0 	0.0 	0.0 	0.0 	0.0 	0.0 	2.0
53 	5104997.834824693 	0.029520974446064586 	-0.11876129662217699 	-0.04613679398834683 	-0.10662835077436739 	-0.11876129662217685 	-0.09313948572685263 	0.11876129662217677 	-0.04011997052711688 	-0.012503661280657972 	-0.024662202856229914 	-0.118761296622177 	-0.11876129662217681 	-0.11876129662217697 	-0.1187612966221771 	-0.11876129662217677 	-0.11876129662217681 	0.04220570662779685 	0.007556940229067949 	0.009448186664428239 	0.011567453394769688 	0.003556525602268684 	0.038451845162055784 	0.0555213778271571 	-0.029130742754884306 	0.053880940767907885 	0.07397657288378726 	0.06355035025283381 	0.041698452346402376 	-0.07629674636062864 	0.054346771290293056 	-8.113351097866691E-4 	-0.007793410352382323 	-0.05710321665553572 	-0.003998917673718795 	0.005652801240518394 	0.0950090372977414 	0.08431192653436924 	0.09500903729774138 	0.19273072507444075 	2.3752259324435374 	-0.23752259324435346 	-0.16379557539451223 	1.4914609168192094 	2.375225932443537 	2.375225932443537 	-0.23752259324435368 	-0.23752259324435412 	1.9471637576845153 	-0.23752259324435324 	0.3276558406051529 	2.1209715198312495
54 	2759144.6536989254 	0.19838522949879972 	-0.5000000000000011 	-0.2705914589189675 	-0.3468265040093706 	-0.46628789524185327 	-0.09739868825469256 	0.499999999999999 	0.2843482255389776 	0.1509437619812232 	-0.13481787069228868 	-0.24183216267631857 	-0.4999999999999998 	-0.495825077942071 	-0.5 	-0.49999999999999967 	-0.11782161390950113 	0.5000000000000002 	0.026436342912155717 	-0.03548348104978239 	0.12424858840587014 	0.023967575539417668 	0.18637579212885233 	0.23436041870141622 	-0.05258244706572492 	0.08958840387952116 	0.23408417968768896 	0.3795124180134944 	0.07934912963594111 	-0.38039103666990154 	0.23601890930706096 	-0.01278820455893523 	-0.071342132565576 	-0.1559423856744489 	-0.007816444592366365 	0.14079183652251512 	0.39999999999999986 	0.3747619508668146 	0.40000000000000013 	0.7970411930491497 	9.999999999999979 	-1.0000000000000056 	-1.0000000000000058 	7.808297888285324 	9.99999999999997 	9.199817273346033 	0.7307885529930848 	-1.000000000000003 	7.240021375024418 	-1.0000000000000033 	4.231837896344969 	7.485201022619773
55 	1980974.1647840554 	0.24619136637912695 	-0.49999999999998257 	-0.1586302196898442 	-0.18023348406451517 	-0.4903966463192455 	-0.1355212790085938 	0.4999999999999352 	0.3815290652365034 	0.16655208594051757 	-0.12121181526412914 	0.2212543011679522 	-0.500000000000051 	-0.498810716406083 	-0.4458459289023215 	-0.4999999999999839 	-0.14992791335497185 	0.49999999999993316 	0.02761126964496418 	-0.03663935384355953 	0.11687016821164366 	0.04874907376883544 	0.26027064283705215 	0.26137492525321177 	-0.047938253587213944 	0.10618231563169067 	0.24766326553418705 	0.3941638323298703 	0.10602618680139243 	-0.34798366911289375 	0.2571626463227899 	2.0518229779900154E-4 	-0.07677551308346627 	-0.09582071193273362 	0.008839329382496862 	0.21280103531488373 	0.39999999999963415 	0.3928105968531952 	0.3999999999996767 	-0.4880882614851541 	10.000000000000002 	-1.00000000000011 	-1.000000000000058 	1.5091640095895444 	10.00000000000001 	2.2143648920093884 	0.7654925988123202 	-1.0000000000000095 	8.03980683530503 	-1.000000000000021 	0.49036051232721944 	7.899817085707842
56 	1890054.8883802379 	0.24248626880263469 	-0.49999999999999917 	-0.4999999999999997 	-0.06400594439202545 	-0.43930845502005955 	-0.06360652093672685 	0.46315865629875996 	0.45209266216193705 	0.20605575786388797 	-0.11097776108340321 	0.04510082559335852 	-0.5000000000004472 	-0.5000000000000595 	-0.42825475208035824 	-0.49999999999999545 	-0.04128100027518595 	0.4999999999999713 	0.025152989332965184 	-0.05633426817781982 	0.1255526571605297 	0.05501032162672132 	0.28783512862769856 	0.2619120718477508 	-0.041928289851211144 	0.09799317938179852 	0.2531244864294432 	0.3999999999999577 	0.09925868061496365 	-0.35994443604061604 	0.27026931631784645 	0.011219236972291973 	-0.04347104657706266 	-0.09435016415186273 	0.01122025650080226 	0.2780604676891888 	0.3999999999998487 	0.40000000000008784 	0.3999999999998654 	-1.0000000000000024 	9.999999999999996 	-1.0000000000006262 	-1.0000000000003157 	-1.0000000000000062 	10.000000000000016 	-0.7970540301076317 	1.8076569460758378 	-1.0000000000000213 	5.272488102251083 	-1.0000000000000682 	-1.0000000000000038 	8.016307370439431
57 	1858388.5832463026 	0.21469438521984868 	-0.5000000000000019 	-0.28696679542587805 	0.04223234361748146 	-0.4120116991699764 	-0.07698391661641946 	0.3138115495134443 	0.5000000000000017 	0.19793450289029327 	-0.10931859175133732 	0.5000000000000007 	-0.5000000000029413 	-0.500000000000472 	-0.4635819796568734 	-0.5000000000000016 	-0.11528218628440887 	0.5000000000000023 	0.01531181005226273 	-0.07222799012647567 	0.15007324564389954 	0.04620970729195961 	0.2961217155209655 	0.2543610356535215 	-0.0647196512732026 	0.0965795217676318 	0.2582144714111762 	0.3568745605471517 	0.09995756980525497 	-0.34870373274679056 	0.2770533054748406 	-5.9460632876062E-5 	-4.577012574065215E-4 	-0.11283867942725712 	0.0038376496839139856 	0.3705857859512084 	0.39999999999999986 	0.4000000000011008 	0.40000000000000113 	-1.0000000000000169 	10.000000000000028 	-1.0000000000015432 	-1.000000000008506 	-1.0000000000000355 	10.0 	-0.9999999999999997 	3.7264857838081173 	-1.0000000000000482 	-0.9999999999999846 	-1.000000000000527 	-1.000000000000024 	8.678613468867669
58 	1825752.0078600787 	0.20563141747354782 	-0.5000000000000014 	0.07643885400084881 	0.11083334900786967 	-0.4331927632923554 	-0.07768857207002956 	0.4138761015489364 	0.5000000000000623 	0.21518995077348144 	-0.10229799498422477 	0.437010291306564 	-0.50000000001641 	-0.5000000000028145 	-0.40707795113850365 	-0.5000000000000064 	-0.003163462319315202 	0.500000000000002 	0.001759757082175704 	-0.05990314692406301 	0.14015064580891662 	0.05707563058542628 	0.2790256441989464 	0.26373197193115466 	-0.06050416398325214 	0.09888332737533925 	0.2557377742950292 	0.38005176498118665 	0.09480060323238478 	-0.3426627674172331 	0.2762951100103518 	-0.006584565361243854 	-0.03816698486263267 	-0.10251753439670062 	0.01904172743103583 	0.28312884139925915 	0.3999999999999965 	0.4000000000029618 	0.40000000000000113 	-1.0000000000000022 	9.999999999999986 	-1.0000000000039275 	-1.0000000000283151 	-1.0000000000000173 	7.998403217777345 	-0.9999999999999876 	2.4714846527334773 	-1.00000000000012 	3.352637788170882 	-1.0000000000022031 	-1.0000000000000064 	8.20578602870238
59 	1817705.16716703 	0.14279869669574485 	-0.5000000000000041 	-0.32451915098310136 	0.4687668200722769 	-0.4602277053044164 	-0.046920318794907934 	0.49999999999998823 	0.5000000000001863 	0.2607184847415038 	-0.08505827760091025 	0.15709911420131584 	-0.5000000000437284 	-0.5000000000093946 	-0.28069791341234146 	-0.4999999999999991 	-0.08972092580801866 	0.5000000000000027 	-0.003564474714287242 	-0.061799471375427344 	0.11391668153756382 	0.08112717246984937 	0.24749780938718463 	0.2840167504195075 	-0.04943169383725488 	0.11193139381494285 	0.2522650758802525 	0.2536083127574156 	0.07597301968473905 	-0.3346515235903981 	0.28141351199671394 	-0.0028201140562328624 	-0.10148037814700425 	-0.06989247980562197 	0.05220282389894021 	0.18828588434870358 	0.39999999999999963 	0.4000000000156113 	0.4000000000000015 	-0.9999999999999994 	9.999999999999982 	-0.9999999999999936 	-1.000000000096517 	-0.9999999999999867 	2.0520398237337147 	-0.9999999999999947 	1.3142966457089047 	-1.0000000000008942 	8.158414537671199 	-1.0000000000172198 	-1.0000000000000009 	7.414666405181308
60 	1717211.3415196068 	0.14155074441102256 	-0.5000000000000138 	-0.057439563313465905 	0.3033587310523534 	-0.4745630190877313 	-0.02070570267857737 	0.5000000000000219 	0.5000000000003813 	0.2871242882655656 	-0.08219570252512004 	0.30894230554498325 	-0.5000000000717112 	-0.4887571188042031 	-0.23593707328928937 	-0.49999999999999584 	-0.06953589687936446 	0.5000000000000054 	0.0017242373889901014 	-0.052065146235942904 	0.11932556601765737 	0.09353736306765215 	0.24793771035461304 	0.2965689944263029 	-0.043180224461314795 	0.1141173117822364 	0.2599480280737254 	0.2773812488492413 	0.07085365811904416 	-0.34136944126385677 	0.28676375549393945 	-0.002435542769750855 	-0.12783812260523023 	-0.04766828669186864 	0.0628855225168697 	0.18844192001849938 	0.40000000000000063 	0.40000000002585434 	0.40000000000000324 	-0.9999999999999984 	10.000000000000052 	-1.0000000000000002 	-1.0000000002172198 	-0.9999999999999926 	0.7005371413645293 	-0.9999999999999954 	1.9789356206797417 	-1.0000000000022555 	7.140236483153023 	-1.00000000003227 	-1.0000000000000027 	7.178003841257964
61 	1656558.8429990108 	0.1057088525628629 	-0.5000000000000572 	-0.0701254139652861 	0.09680412385360665 	-0.47646935791893313 	0.08998694505785972 	0.5000000000000235 	0.5000000000006823 	0.288497403461981 	-0.07127328894863824 	0.392732630262715 	-0.5000000001612724 	-0.27137835516927156 	-0.12110227122121138 	-0.4999999999999972 	-0.06557744946368271 	0.5000000000000108 	-1.1169430311775764E-4 	-0.03481881531974716 	0.10960276516753309 	0.11577253476695448 	0.23130982327547406 	0.31495390143745017 	-0.02618249312036377 	0.11015841307821683 	0.2629865029316413 	0.30440163242593477 	0.06253673059097302 	-0.3361834269080115 	0.29944973995426527 	0.0020358243000947775 	-0.17296658219189812 	-0.04035760074201469 	0.06092384428171965 	0.2812229004907829 	0.4000000000000006 	0.3933648925626595 	0.4000000000000146 	-0.9999999999999989 	10.000000000000073 	-1.0000000000000022 	-1.0000000003711516 	-0.9999999999999942 	-0.0452509813066897 	-0.9999999999999983 	1.9252097464100884 	3.8241635832774215 	3.570251719398182 	-1.0000000000537985 	-1.0000000000000058 	6.879194528484311
62 	1682462.5881473836 	0.08465382748778633 	-0.5000000000000784 	-0.05799185512164484 	-0.05667331861702554 	-0.4791337324790921 	0.13637833085359208 	0.5000000000000244 	0.500000000001148 	0.2950587276060519 	-0.06660573093757932 	0.4341244371272397 	-0.5000000003170153 	-0.23386457390519122 	-0.07024370833353383 	-0.49999999999999956 	-0.08813418334141293 	0.5000000000000238 	5.174445517443897E-4 	-0.0264816413272735 	0.10676741365392517 	0.1281883519573293 	0.22438161869044448 	0.3257210967644536 	-0.01912684804564288 	0.10867380892598827 	0.26620197904754583 	0.30881420207549626 	0.05607438853472299 	-0.33106972930483747 	0.30517959729151223 	0.0028110156469798803 	-0.20077648441423396 	-0.02712268844630651 	0.07105978168041344 	0.3270560254648981 	0.40000000000000235 	0.38728230029038835 	0.4000000000000469 	-1.0000000000000089 	10.000000000000266 	-1.0000000000000089 	-1.0000000005832654 	-1.0000000000000089 	-0.4136648529494447 	-1.0000000000000058 	1.7532332199749519 	6.207265068975605 	1.806705386949778 	-1.0000000000839067 	-1.000000000000024 	6.593635556988474
63 	1664220.2172186472 	0.0951813400253246 	-0.5000000000000676 	-0.06405863454346533 	0.020065402618290526 	-0.47780154519901274 	0.11318263795572592 	0.5000000000000238 	0.500000000000915 	0.2917780655340163 	-0.06893950994310874 	0.413428533694977 	-0.500000000239144 	-0.2526214645372315 	-0.09567298977737257 	-0.49999999999999856 	-0.07685581640254784 	0.5000000000000172 	2.0287512431331353E-4 	-0.030650228323510338 	0.10818508941072924 	0.12198044336214187 	0.22784572098295947 	0.3203374991009516 	-0.022654670583003328 	0.1094161110021025 	0.26459424098959367 	0.3066079172507157 	0.059305559562847984 	-0.3336265781064244 	0.30231466862288864 	0.002423419973537325 	-0.18687153330306597 	-0.03374014459416059 	0.06599181298106652 	0.3041394629778407 	0.40000000000000135 	0.3903235964265243 	0.4000000000000303 	-1.0000000000000036 	10.000000000000169 	-1.0000000000000053 	-1.0000000004772087 	-1.0000000000000009 	-0.22945791712806754 	-1.000000000000002 	1.839221483192519 	5.015714326126522 	2.688478553173982 	-1.0000000000688527 	-1.0000000000000155 	6.736415042736397
64 	1659059.1732458868 	0.1004450962940937 	-0.5000000000000622 	-0.06709202425437563 	0.05843476323594867 	-0.4771354515589733 	0.10158479150679285 	0.5000000000000238 	0.5000000000007986 	0.2901377344979985 	-0.07010639944587346 	0.40308058197884605 	-0.5000000002002077 	-0.2619999098532515 	-0.10838763049929202 	-0.49999999999999795 	-0.07121663293311539 	0.5000000000000138 	4.5590410597778965E-5 	-0.03273452182162877 	0.10889392728913112 	0.11887648906454812 	0.22957777212921673 	0.3176457002692009 	-0.024418581851683552 	0.10978726204015958 	0.2637903719606173 	0.30550477483832517 	0.060921145076910495 	-0.3349050025072177 	0.30088220428857704 	0.0022296221368160512 	-0.17991905774748207 	-0.03704887266808768 	0.06345782863139313 	0.2926811817343118 	0.4000000000000011 	0.39184424449459165 	0.40000000000002256 	-1.0000000000000013 	10.00000000000012 	-1.000000000000004 	-1.0000000004241794 	-0.9999999999999976 	-0.13735444921737808 	-1.0 	1.8822156148013036 	4.419938954701968 	3.1293651362860797 	-1.0000000000613243 	-1.0000000000000102 	6.807804785610362
65 	1657482.65333726 	0.10307697442847835 	-0.5000000000000597 	-0.06860871910983088 	0.07761944354477761 	-0.4768024047389531 	0.09578586828232627 	0.5000000000000234 	0.5000000000007404 	0.2893175689799897 	-0.07068984419725591 	0.39790660612078044 	-0.5000000001807399 	-0.2666891325112616 	-0.11474495086025163 	-0.49999999999999756 	-0.06839704119839903 	0.5000000000000123 	-3.305194625998999E-5 	-0.03377666857068797 	0.10924834622833204 	0.11732451191575136 	0.23044379770234535 	0.31629980085332543 	-0.025300537486023678 	0.10997283755918827 	0.26338843744612966 	0.30495320363212997 	0.06172893783394176 	-0.33554421470761475 	0.3001659721214211 	0.0021327232184554117 	-0.1764428199696901 	-0.038703236705051165 	0.06219083645655634 	0.28695204111254735 	0.4000000000000007 	0.39260456852862546 	0.40000000000001834 	-1.0 	10.000000000000096 	-1.0000000000000029 	-1.000000000397666 	-0.9999999999999958 	-0.09130271526203425 	-0.9999999999999989 	1.9037126806056968 	4.122051268989694 	3.349808427842132 	-1.0000000000575617 	-1.0000000000000082 	6.843499657047333
66 	1656959.9649414034 	0.10439291349567065 	-0.5000000000000585 	-0.0693670665375585 	0.08721178369919205 	-0.476635881328943 	0.09288640667009304 	0.5000000000000236 	0.5000000000007112 	0.2889074862209855 	-0.07098156657294705 	0.3953196181917476 	-0.5000000001710065 	-0.2690337438402666 	-0.11792361104073153 	-0.49999999999999717 	-0.06698724533104088 	0.5000000000000114 	-7.237312468887364E-5 	-0.03429774194521756 	0.10942555569793261 	0.11654852334135292 	0.23087681048890968 	0.31562685114538774 	-0.025741515303193702 	0.11006562531870254 	0.2631874701888852 	0.30467741802903237 	0.06213283421245743 	-0.3358638208078131 	0.29980785603784327 	0.0020842737592750953 	-0.17470470108079406 	-0.039530418723532905 	0.061557340369138 	0.28408747080166513 	0.4000000000000008 	0.3929847305456427 	0.40000000000001673 	-0.9999999999999991 	10.000000000000082 	-1.0000000000000027 	-1.0000000003844085 	-0.9999999999999946 	-0.06827684828436187 	-0.9999999999999983 	1.9144612135078916 	3.9731074261335597 	3.4600300736201595 	-1.0000000000556795 	-1.000000000000007 	6.86134709276582
67 	1656542.3707264373 	0.10574997565871261 	-0.5000000000000566 	-0.07014911232240256 	0.0971038844834321 	-0.47646415406237025 	0.08989633688247745 	0.5000000000000238 	0.5000000000006811 	0.2884845883757623 	-0.07128240527287862 	0.39265178688993274 	-0.5000000001609683 	-0.27145162427330305 	-0.12120160435185137 	-0.49999999999999695 	-0.06553339334282772 	0.5000000000000108 	-1.129230899436602E-4 	-0.03483509886270121 	0.10960830296345811 	0.11574828512400452 	0.23132335492505426 	0.3149328717590771 	-0.02619627367715033 	0.1101613126957017 	0.26298022270485233 	0.304393014125838 	0.0625493523528016 	-0.33619341459864266 	0.2994385488266535 	0.0020343102544953928 	-0.1729122659766201 	-0.04038345018009225 	0.06090404752898782 	0.28113338266856813 	0.4000000000000005 	0.3933767726256915 	0.40000000000001457 	-0.999999999999999 	10.000000000000071 	-1.0000000000000016 	-1.0000000003707372 	-0.9999999999999946 	-0.044531422963637456 	-0.9999999999999988 	1.925545638063282 	3.8195090881881666 	3.573696145828747 	-1.0000000000537388 	-1.0000000000000056 	6.879752260850514
68 	1688234.4376409312 	0.060765227374647124 	-0.4937667199191401 	-0.14567342726068172 	-0.14465348542355522 	-0.4812266671813211 	0.14694186705432166 	0.5000000000000531 	0.5000000000018859 	0.3220346079377809 	-0.06042456749200831 	-0.13855563653037606 	-0.5000000003856971 	-0.18707460336335735 	-0.029101267582087836 	-0.4937667199190535 	-0.11406937657835647 	0.5000000000000063 	0.0035918246515536495 	-0.02581890574717493 	0.1013866854672763 	0.13627146374818572 	0.21471925588474655 	0.32960623080080065 	-0.007503132682327704 	0.09541981059546006 	0.27192419183842736 	0.2907971987176951 	0.034207807023150974 	-0.3407944079193831 	0.30808758493761496 	0.003180631210884883 	-0.21613962147503377 	-0.02228195766789933 	0.07515279482359614 	0.355696141968519 	0.39999999999989255 	0.3789349009470738 	0.3999999999997579 	-0.9999999999999813 	10.000000000000025 	-0.9999999999999931 	-1.000000000754035 	-0.9999999999999798 	-0.6438786167145174 	-0.9999999999999878 	2.077133628054578 	6.597230119128222 	0.7047038880464562 	-1.0000000001379923 	-0.9999999999999953 	6.204973464201489
69 	1676015.508945576 	0.12824234980074528 	-0.5031166400405149 	-0.032386954853262956 	0.21798256943692557 	-0.4740828975028951 	0.061373571796555344 	0.5000000000000087 	0.500000000000079 	0.2717095785947533 	-0.0767113241633138 	0.658255498600087 	-0.500000000048604 	-0.3136401347282757 	-0.1672517727367333 	-0.5031166400404685 	-0.0412654017250633 	0.5000000000000131 	-0.001965296960692314 	-0.03934319542046434 	0.11371911171154905 	0.10548669581191396 	0.23962540444520825 	0.3075961922382152 	-0.0355428441745616 	0.1175320637458225 	0.2585082381380649 	0.311190921829909 	0.0767201250176269 	-0.3338929179382726 	0.2951140307711728 	0.0014611497763006472 	-0.15129858822741338 	-0.04943419643618874 	0.05377967388168367 	0.24385200301859244 	0.40000000000005453 	0.40059770846500015 	0.40000000000014235 	-1.0000000000000075 	10.0000000000001 	-1.0000000000000062 	-1.0000000001790887 	-1.0000000000000024 	0.25514217391180194 	-1.0000000000000042 	1.8497516430676337 	2.4306485727181415 	5.008192274719895 	-1.0000000000116123 	-1.000000000000011 	7.217141659175022
70 	1653372.3619073832 	0.09450378858769626 	-0.4984416799798276 	-0.08903019105697231 	0.036664542006685334 	-0.4776547823421078 	0.10415771942543847 	0.5000000000000313 	0.5000000000009824 	0.29687209326626685 	-0.06856794582766104 	0.25984993103485543 	-0.5000000002171507 	-0.25035736904581674 	-0.09817652015941039 	-0.49844167997976097 	-0.07766738915170991 	0.5000000000000094 	8.132638454306638E-4 	-0.03258105058381963 	0.10755289858941255 	0.1208790797800499 	0.22717233016497712 	0.318601211519508 	-0.021522988428444693 	0.10647593717064122 	0.26521621498824627 	0.3009940602738024 	0.055463966020388944 	-0.3373436629288278 	0.3016008078543938 	0.002320890493592764 	-0.1837191048512235 	-0.03585807705204401 	0.06446623435263989 	0.29977407249355587 	0.3999999999999734 	0.38976630470603707 	0.3999999999999506 	-0.9999999999999951 	10.000000000000057 	-0.9999999999999993 	-1.0000000004665606 	-0.9999999999999907 	-0.19436822140135684 	-0.9999999999999958 	1.9634426355611054 	4.513939345923179 	2.8564480813831765 	-1.000000000074802 	-1.000000000000003 	6.711057561688257
71 	1746085.4340457341 	0.0513111407121046 	-0.499764380635018 	-0.4378610014687153 	-0.23023381215267705 	-0.48429039395181755 	0.24211308878259769 	0.5000000000000218 	0.5000000000024235 	0.28286545299263466 	-0.0708730185084944 	0.4636890972086679 	-0.5000000005877874 	-0.27496862957133705 	-0.013834834951114386 	-0.4997643806349115 	-0.08393657515917062 	0.5000000000000198 	0.003115159191193712 	-0.019366200384951064 	0.10122776773706724 	0.14141702273007226 	0.20576580779267842 	0.3382568656907348 	-0.007673169270982348 	0.11140415624953413 	0.2609440747460678 	0.27216645800985384 	0.05684498696963547 	-0.3171288120410236 	0.3087610322930971 	0.01297171703790589 	-0.24402459085382774 	0.006176399991670897 	0.0691156306654179 	0.31701882675938364 	0.39999999999996283 	0.3940318204350306 	0.3999999999999653 	-0.9999999999999888 	10.000000000000272 	-1.0000000000000058 	-1.0000000011228356 	-0.9999999999999676 	-0.8781877626585959 	-0.9999999999999705 	2.092272981470054 	8.269401008976864 	-0.41690163985201556 	-1.0000000001638223 	-0.9999999999999877 	6.0972081900960395
72 	1672526.7735353394 	0.1161001125254922 	-0.49778032965223207 	0.08538521414889913 	0.17011371908636655 	-0.4743369765372534 	0.035180034746858845 	0.5000000000000361 	0.5000000000002618 	0.30387541340308266 	-0.06741540948724432 	0.15793034794794922 	-0.5000000000318328 	-0.2380517387830568 	-0.14034736276355825 	-0.49778032965218544 	-0.07453279614797956 	0.5000000000000039 	-3.3768382745085255E-4 	-0.03918847568325391 	0.11071546401558519 	0.11061010830503877 	0.2378755913511259 	0.30877338443389457 	-0.028447898007175863 	0.10401182763119471 	0.26735228510933556 	0.3154078614057761 	0.05477345554576575 	-0.34745108837273 	0.2980206956350417 	-0.003004522778563796 	-0.15356636184992112 	-0.05687531557390149 	0.06214153619625095 	0.29115169536064234 	0.3999999999999787 	0.38763354684153983 	0.3999999999999434 	-0.9999999999999996 	9.999999999999964 	-0.9999999999999971 	-1.0000000001384233 	-1.0000000000000009 	0.147541549227262 	-1.000000000000011 	1.8990274626066301 	2.6362085143963405 	4.493122942000774 	-1.0000000000302933 	-1.0000000000000115 	7.017982247484362
73 	1658685.0544129934 	0.08370562661879835 	-0.4987723551436252 	-0.17623789365990808 	-0.030060046533155284 	-0.47931368524453544 	0.13864656176472823 	0.5000000000000289 	0.5000000000013427 	0.2933704331978587 	-0.06914421399786937 	0.31080972257830874 	-0.5000000003098097 	-0.2565101841771967 	-0.07709109885733641 	-0.49877235514354834 	-0.07923468565357515 	0.5000000000000121 	0.001388737681871423 	-0.02927733803410249 	0.10597161587632624 	0.12601356551755552 	0.22182069957190267 	0.32351512506231495 	-0.018060533639079092 	0.10770799194036443 	0.26414817992770157 	0.29378715970781544 	0.05580922125770057 	-0.3322899502068768 	0.30339086396406956 	0.0049835971296710475 	-0.19879547635187456 	-0.025349457791115276 	0.06562858343083436 	0.30408526106001266 	0.3999999999999708 	0.3908326836382856 	0.399999999999954 	-0.999999999999994 	10.000000000000107 	-1.0000000000000007 	-1.0000000006306293 	-0.9999999999999851 	-0.36532310671566515 	-0.9999999999999889 	1.9956502220383434 	5.4528047616866 	2.0381106510743785 	-1.000000000097057 	-0.9999999999999986 	6.557595218790203
74 	1654480.6586228076 	0.09990286957214525 	-0.4982763423979288 	-0.04542633975550442 	0.07002683627660568 	-0.4768253308908937 	0.08691329825579355 	0.5000000000000325 	0.5000000000008021 	0.29862292330047085 	-0.06827981174255687 	0.23437003526312886 	-0.5000000001708212 	-0.24728096148012677 	-0.10871923081044733 	-0.4982763423978672 	-0.07688374090077729 	0.500000000000008 	5.255269272102818E-4 	-0.034232906858678205 	0.10834353994595575 	0.11831183691129704 	0.22984814546151436 	0.3161442547481045 	-0.02325421582312749 	0.10585990978577958 	0.2657502325185187 	0.30459751055679607 	0.055291338401733114 	-0.33987051928980333 	0.3007057797995559 	9.895371755536235E-4 	-0.176180919100898 	-0.0411123866825084 	0.06388505981354264 	0.2976184782103273 	0.3999999999999743 	0.38923311523991266 	0.39999999999994895 	-0.9999999999999957 	10.000000000000034 	-0.9999999999999992 	-1.0000000003845257 	-0.9999999999999932 	-0.10889077874420244 	-0.9999999999999982 	1.9473388423224858 	4.044506638041465 	3.2656167965375746 	-1.000000000063675 	-1.0000000000000056 	6.787788733137284
75 	1653724.1136009318 	0.09180424809547177 	-0.49852434877077695 	-0.11083211670770624 	0.019983394871725197 	-0.47806950806771475 	0.11277993001026093 	0.5000000000000306 	0.5000000000010726 	0.29599667824916487 	-0.06871201287021315 	0.27258987892071873 	-0.5000000002403157 	-0.2518955728286617 	-0.09290516483389188 	-0.49852434877070784 	-0.07805921327717623 	0.5000000000000102 	9.571323045408544E-4 	-0.03175512244639034 	0.10715757791114099 	0.12216270121442631 	0.22583442251670846 	0.31982968990520977 	-0.0206573747311033 	0.10678395086307205 	0.26494920622311013 	0.2991923351323055 	0.05555027982971684 	-0.3360802347483397 	0.30204832188181274 	0.002986567152612333 	-0.18748819772638622 	-0.03323092223681184 	0.06475682162218853 	0.3008518696351701 	0.39999999999997277 	0.39003289943909913 	0.39999999999995145 	-0.9999999999999949 	10.000000000000066 	-0.9999999999999991 	-1.0000000005075775 	-0.9999999999999898 	-0.23710694272993418 	-0.9999999999999946 	1.9714945321804143 	4.748655699864035 	2.6518637238059783 	-1.0000000000803657 	-1.0000000000000018 	6.672691975963744
76 	1653469.0331732533 	0.09585355883380849 	-0.4984003455843533 	-0.07812922823160534 	0.04500511557416538 	-0.47744741947930436 	0.09984661413302727 	0.5000000000000316 	0.5000000000009378 	0.2973098007748179 	-0.068495912306385 	0.25347995709192384 	-0.5000000002055685 	-0.24958826715439447 	-0.10081219782216962 	-0.4984003455842876 	-0.07747147708897677 	0.5000000000000092 	7.413296158755691E-4 	-0.03299401465253425 	0.10775055892854839 	0.12023726906286175 	0.22784128398911146 	0.31798697232665707 	-0.021955795277115397 	0.10632193032442584 	0.26534971937081436 	0.3018949228445509 	0.05542080911572498 	-0.3379753770190718 	0.3013770508406843 	0.0019880521640829795 	-0.18183455841364216 	-0.0371716544596601 	0.06432094071786564 	0.29923517392274873 	0.3999999999999737 	0.38963300733950607 	0.3999999999999502 	-0.9999999999999952 	10.00000000000005 	-0.9999999999999993 	-1.000000000446053 	-0.9999999999999913 	-0.1729988607370682 	-0.9999999999999959 	1.959416687251451 	4.396581168952753 	2.958740260171777 	-1.0000000000720204 	-1.0000000000000036 	6.730240354550516
77 	1653393.7414161018 	0.0938289034646401 	-0.4984623471775648 	-0.09448067246965582 	0.03249425522294531 	-0.47775846377350945 	0.10631327207164411 	0.5000000000000311 	0.500000000001005 	0.2966532395119912 	-0.06860396258829908 	0.2630349180063211 	-0.5000000002229419 	-0.2507419199915279 	-0.09685868132803074 	-0.49846234717749754 	-0.07776534518307644 	0.5000000000000097 	8.492309602082115E-4 	-0.03237456854946233 	0.10745406841984466 	0.12119998513864401 	0.22683785325290992 	0.3189083311159335 	-0.02130658500410933 	0.10655294059374887 	0.26514946279696217 	0.3005436289884281 	0.0554855444727209 	-0.3370278058837059 	0.30171268636124854 	0.0024873096583476573 	-0.18466137807001423 	-0.035201288348235965 	0.06453888117002704 	0.3000435217789594 	0.3999999999999733 	0.38983295338930257 	0.39999999999995073 	-0.9999999999999951 	10.000000000000057 	-0.9999999999999996 	-1.000000000476815 	-0.9999999999999903 	-0.20505290173350113 	-0.999999999999996 	1.9654556097159324 	4.572618434408391 	2.8053019919888764 	-1.0000000000761926 	-1.0000000000000036 	6.701466165257129
78 	1650566.4776617629 	0.08296732995100312 	-0.49877439832505344 	-0.17677673412849493 	-0.048025309211679475 	-0.4805490498883981 	0.14296585958249639 	0.5000000000000286 	0.500000000001307 	0.326598042839887 	-0.0701138523469169 	0.31112459382402413 	-0.50000000031571 	-0.27170017486373543 	-0.07643689967011885 	-0.49877439832497583 	-0.06277532201711745 	0.5000000000000138 	-9.6236616797242E-5 	-0.029896161816489977 	0.10720975828433019 	0.126095064472313 	0.2205681327949031 	0.323853082918514 	-0.01839250453815002 	0.10863651092066198 	0.26358196154326646 	0.30506877182573866 	0.048541039120861315 	-0.33480545190859656 	0.3032919125441914 	0.006666257795275846 	-0.200160841241873 	-0.025628427721211985 	0.06909302869238548 	0.2832138806165198 	0.3999999999999759 	0.3919513104299363 	0.3999999999999668 	-0.9999999999999979 	10.000000000000117 	-1.0000000000000018 	-1.0000000006155068 	-0.999999999999994 	-0.3663794057324108 	-1.0000000000000018 	1.8627696140460794 	5.6852732176595016 	2.033054293536549 	-1.0000000000940208 	-1.0000000000000062 	6.498572093680028
79 	1718874.2928096626 	0.059940094126674726 	-0.4999999999392306 	-0.5000000000025664 	-0.13129948305847403 	-0.4870179175478163 	0.23436452368742208 	0.49999999997797184 	0.4999999999974528 	0.42616438955179864 	-0.06774453664673048 	0.49999999998318134 	-0.5000000009218151 	-0.25008571658999745 	-0.0026733321454940756 	-0.49999999993912536 	-0.06492033752307355 	0.49999999999936207 	0.009415148270812797 	-0.020157385650216526 	0.09976726324605585 	0.1400186650153131 	0.2033780247644857 	0.3389077438377516 	-0.015432008822261773 	0.12085560733704544 	0.253925043559208 	0.19503872465970928 	0.028779686195084475 	-0.31367908768787245 	0.3089117367310459 	0.019441212262129234 	-0.24607773309368605 	0.0031903063385751024 	0.05275639661405043 	0.328726364439557 	0.39999999999734615 	0.3999999999687068 	0.4000000000216001 	-0.9999999999999727 	10.00000000000016 	-0.9999999999999816 	-1.0000000016240713 	-0.9999999999999354 	-0.9999999999995779 	-0.9999999999997089 	1.6687942174854196 	9.999999999999993 	-1.000000000000022 	-1.0000000001964497 	-0.9999999999999671 	6.337232779538309
80 	1660095.7434482437 	0.09448094786316727 	-0.4981615975179646 	-0.015165101191458835 	-0.00638822228828223 	-0.4773146160586887 	0.0972665275300337 	0.5000000000110567 	0.500000000003234 	0.2768148694839312 	-0.07129851019701017 	0.21668689074444475 	-0.5000000000126572 	-0.2825074040006047 	-0.11331868343243129 	-0.4981615975179009 	-0.061702814264139386 	0.5000000000003398 	-0.004851929060602262 	-0.03476554989962671 	0.11093100580346724 	0.11913326420081306 	0.2291631868101117 	0.3163257524588953 	-0.019872752396094158 	0.10252696271247022 	0.26841042053529585 	0.36008379540875307 	0.05842171558374977 	-0.3453686340189588 	0.30048200045076434 	2.7878056184915505E-4 	-0.17720239531596638 	-0.040037794751105533 	0.07726134473155298 	0.2604576387050009 	0.400000000001291 	0.38792696566055135 	0.3999999999891497 	-1.0000000000000102 	10.00000000000011 	-1.0000000000000109 	-1.0000000001112246 	-1.0000000000000215 	-0.0495691085988256 	-1.000000000000148 	1.9597573123264085 	3.52790982648926 	3.549581440304834 	-1.000000000042807 	-1.0000000000000266 	6.579241750750896
81 	1654992.7011822937 	0.07721052099492105 	-0.49908079872859745 	-0.2575825505970128 	-0.06884385267337817 	-0.4821662668032528 	0.16581552560872792 	0.4999999999945144 	0.5000000000003433 	0.35148962951786494 	-0.06952152342187032 	0.3583434453638138 	-0.5000000004672362 	-0.2662965602953009 	-0.057996007788962634 	-0.4990807987285132 	-0.06331157589360648 	0.499999999999851 	0.0022816096051052675 	-0.027461467774921627 	0.10534913452476166 	0.1295759646080631 	0.21627060578729881 	0.3276167481483235 	-0.017652380609177957 	0.11169128502475786 	0.26116773204725185 	0.2775612600342312 	0.04360070088941712 	-0.3295238608534158 	0.30469686859090506 	0.009859996411989197 	-0.21164006420482612 	-0.018423744206265212 	0.0650088706728017 	0.29459200157227905 	0.39999999999931857 	0.3939634828146289 	0.40000000000537517 	-0.9999999999999916 	10.000000000000126 	-0.9999999999999964 	-1.0000000008676477 	-0.9999999999999793 	-0.5247845542992032 	-0.9999999999999281 	1.8142757649059154 	6.763954913244625 	1.2747907201524062 	-1.0000000001196292 	-0.999999999999996 	6.458237265144596
82 	1650615.9998791814 	0.08584573442904408 	-0.4986211981232813 	-0.13637382589423597 	-0.03761603748083013 	-0.47974044143097083 	0.1315410265693807 	0.5000000000027854 	0.5000000000017889 	0.3141522495008979 	-0.07041001680944022 	0.2875151680541294 	-0.5000000002399472 	-0.2744019821479527 	-0.0856573456106969 	-0.498621198123207 	-0.06250719507887298 	0.5000000000000954 	-0.0012851597277484974 	-0.03111350883727415 	0.10814007016411444 	0.12435461440443799 	0.2227168962987054 	0.3219712503036092 	-0.01876256650263605 	0.10710912386861406 	0.2647890762912737 	0.31882252772149244 	0.051011208236583436 	-0.3374462474361872 	0.3025894345208346 	0.005069388486919176 	-0.19442122976039636 	-0.029230769478685383 	0.07113510770217737 	0.2775248201386402 	0.4000000000003047 	0.3909452242375898 	0.3999999999972628 	-1.0000000000000016 	10.00000000000011 	-1.0000000000000036 	-1.0000000004894365 	-1.0000000000000009 	-0.28717683144901457 	-1.0000000000000384 	1.8870165386161621 	5.145932369866941 	2.4121860802286204 	-1.000000000081216 	-1.000000000000011 	6.518739507947743
83 	1650944.8475350866 	0.08152812771198262 	-0.4988509984259394 	-0.19697818824562438 	-0.05322994507710413 	-0.48095335411711154 	0.1486782760890542 	0.49999999999865014 	0.500000000001066 	0.3328209395093816 	-0.06996577011565525 	0.3229293067089717 	-0.5000000003535917 	-0.27034927122162683 	-0.0718266766998298 	-0.49885099842586034 	-0.06290938548623969 	0.49999999999997324 	4.982249386783858E-4 	-0.029287488306097887 	0.10674460234443807 	0.12696528950625047 	0.2194937510430019 	0.3247939992259662 	-0.01820747355590701 	0.10940020444668594 	0.26297840416926277 	0.298191893877862 	0.04730595456300026 	-0.3334850541448014 	0.3036431515558698 	0.007464692449454184 	-0.20303064698261136 	-0.02382725684247529 	0.06807198918748958 	0.28605841085545974 	0.3999999999998116 	0.3924543535261095 	0.4000000000013189 	-0.9999999999999963 	10.00000000000012 	-1.0000000000000007 	-1.0000000006785421 	-0.9999999999999906 	-0.4059806928741088 	-0.9999999999999833 	1.8506461517610386 	5.95494364155578 	1.8434884001905139 	-1.0000000001004226 	-1.0000000000000036 	6.488488386546172
84 	1650503.1694325053 	0.08368693107051337 	-0.4987360982746105 	-0.16667600706993008 	-0.04542299127896716 	-0.48034689777404116 	0.14010965132921752 	0.5000000000007183 	0.5000000000014276 	0.3234865945051397 	-0.07018789346254774 	0.3052222373815506 	-0.5000000002967695 	-0.27237562668478954 	-0.07874201115526339 	-0.49873609827453386 	-0.06270829028255633 	0.5000000000000338 	-3.934673945350551E-4 	-0.030200498571686017 	0.10744233625427627 	0.12565995195534432 	0.22110532367085362 	0.3233826247647879 	-0.018485020029271527 	0.10825466415765 	0.26388374023026845 	0.3085072107996773 	0.049158581399791824 	-0.3354656507904945 	0.3031162930383523 	0.006267040468186678 	-0.19872593837150387 	-0.026529013160580327 	0.0696035484448334 	0.28179161549705006 	0.4000000000000579 	0.3916997888818497 	0.39999999999929087 	-0.9999999999999988 	10.00000000000011 	-1.0000000000000024 	-1.0000000005839893 	-0.9999999999999961 	-0.3465787621615618 	-1.0000000000000115 	1.8688313451885996 	5.550438005711358 	2.1278372402095678 	-1.0000000000908196 	-1.0000000000000073 	6.503613947246958
85 	1637123.567110213 	0.09039310088879104 	-0.498898659362444 	-0.20954762492028223 	-0.05168934367176574 	-0.4785004671768362 	0.15532144386362878 	0.499999999998449 	0.5000000000015573 	0.3447049319542773 	-0.06788863968455237 	0.33027425278195116 	-0.5000000003841387 	-0.27499372809460065 	-0.06330279962773447 	-0.4988986593623628 	-0.03751620011028093 	0.4999999999998148 	1.0237441471692532E-4 	-0.03210842622299176 	0.10862509530151747 	0.12646128082564206 	0.21765924710641546 	0.3246502856742836 	-0.017607365570332528 	0.10932391224136258 	0.2621892403021349 	0.2736766089601963 	0.04473306942686959 	-0.3347498016481801 	0.30416518183229996 	0.007060548674456989 	-0.19851356021244076 	-0.02468064980621318 	0.05847493024781654 	0.29699539558725174 	0.3999999999983694 	0.39276734923273066 	0.4000000000011152 	-0.9999999999999988 	10.000000000000146 	-1.0000000000000029 	-1.0000000007403245 	-0.9999999999999987 	-0.43062079393379854 	-0.9999999999999754 	1.9339277178007503 	6.1227338064016665 	1.725539638757488 	-1.0000000001279425 	-1.0000000000000122 	6.564441099089563
86 	1669465.4744291373 	0.1266548124709818 	-0.49967565591480634 	-0.38543007687604963 	-0.10165429970675913 	-0.478455072773042 	0.20440420545624174 	0.49999889929825636 	0.49999853385019655 	0.407121684656563 	-0.057446284647214366 	0.4433731875065938 	-0.4913648325924348 	-0.30479746292681437 	0.0037692070308397163 	-0.4996756559147052 	0.0041021043907684684 	0.500000659877176 	0.007240719590235678 	-0.0319674906948367 	0.1014764664909209 	0.13229019086517527 	0.2111513248008723 	0.33211767866390557 	-0.019780716253974314 	0.12199111271206034 	0.2520279948058528 	0.16588859704451264 	0.03528559894106124 	-0.31159081757799884 	0.3092702689759768 	0.014321132333742501 	-0.21361021422545712 	-0.005898104181926708 	0.017087611776800987 	0.36563297772688746 	0.40000426042478204 	0.397583579564848 	0.4000061026487922 	-0.9999999994633357 	10.000000001117906 	-0.9999999994291753 	-1.0000000104332096 	-0.9999999995942905 	-0.8100339664744549 	-1.0000000206121842 	2.2817288023699893 	8.706400005043069 	-0.09065877174715897 	-1.0000000107621432 	-0.999999999516509 	6.8841766285754495
87 	1651533.8856815593 	0.0722622450976957 	-0.498510161086263 	-0.12160639894239836 	-0.026706865654269107 	-0.4785231643787336 	0.13078006306732232 	0.5000005503485456 	0.5000007330772371 	0.3134965556031344 	-0.07310981720322132 	0.27372478541962997 	-0.5043175842799907 	-0.2600918606784939 	-0.09683880295702155 	-0.498510161086192 	-0.058325352360805605 	0.4999996700611342 	-0.003466798173042451 	-0.03217889398706929 	0.11219940970681577 	0.12354682580587546 	0.22091320825918703 	0.32091658917947263 	-0.016520690228511645 	0.10299031200601373 	0.26726986305027617 	0.32757061491803824 	0.04945680466977376 	-0.34632929368327103 	0.3016126382604616 	0.0034302568448142416 	-0.1909652332059324 	-0.03407192261835642 	0.07916858948332439 	0.2626766045174336 	0.3999978697851627 	0.3903592340666722 	0.39999694867727653 	-1.0000000002683302 	9.999999999441268 	-1.0000000002854164 	-0.9999999958938829 	-1.0000000002028524 	-0.24091420766347138 	-0.9999999896938719 	1.7600271755161305 	4.830900707080968 	2.6336388440098095 	-0.9999999948108425 	-1.0000000002417637 	6.404573334346619
88 	1637184.1492259693 	0.09945852878433875 	-0.4990929085005342 	-0.2535182379092243 	-0.06418058268051405 	-0.4784891185758876 	0.16759213426178204 	0.4999997248234008 	0.49999963346371723 	0.36030912012984895 	-0.06527805092521789 	0.3585489864631118 	-0.49784120843621305 	-0.28244466180265404 	-0.04653479796309094 	-0.4990929085004482 	-0.027111623985018582 	0.5000001649691552 	0.0018869607085966133 	-0.032073192340952995 	0.10683793809886838 	0.12791850833552537 	0.21603226653002966 	0.32651713392168896 	-0.01815070324124297 	0.11249071235903702 	0.25964892892806446 	0.24672960598127539 	0.0423712018054175 	-0.32896005563063463 	0.3054414536182191 	0.008875694589278374 	-0.2022877237156948 	-0.019985013400141555 	0.04812810063006264 	0.3141547911221607 	0.4000010651049727 	0.3939714068157598 	0.4000015256630344 	-0.9999999998658331 	10.000000000279579 	-0.9999999998572963 	-1.0000000031635454 	-0.9999999998985714 	-0.5254740870689631 	-1.0000000051530284 	2.0208779889430595 	6.768650356062019 	1.2714900361313275 	-1.0000000027864924 	-0.9999999998791359 	6.644374981461034
89 	1639070.7293777477 	0.0858603869410172 	-0.4988015347933987 	-0.18756231842581125 	-0.04544372416739152 	-0.47850614147731046 	0.14918609866455218 	0.5000001375859734 	0.5000001832704775 	0.33690283786649183 	-0.06919393406421968 	0.31613688594137107 	-0.5010793963581016 	-0.271268261240574 	-0.07168680046005625 	-0.4988015347933198 	-0.04271848817291213 	0.49999991751514455 	-7.899187322229189E-4 	-0.032126043164011145 	0.10951867390284196 	0.1257326670707004 	0.21847273739460837 	0.3237168615505809 	-0.017335696734877306 	0.10774051218252531 	0.26345939598917045 	0.28715011044965694 	0.04591400323759565 	-0.3376446746569528 	0.3035270459393402 	0.006152975717046295 	-0.19662647846081371 	-0.02702846800924899 	0.06364834505669348 	0.28841569781979726 	0.399999467445068 	0.392165320441216 	0.39999923717015584 	-1.000000000067082 	9.999999999860425 	-1.000000000071356 	-0.9999999995287141 	-1.0000000000507119 	-0.38319414736621693 	-0.9999999974234487 	1.8904525822295954 	5.799775531571494 	1.9525644400705677 	-0.999999998798668 	-1.0000000000604505 	6.524474157903826
90 	1636706.131858673 	0.092659457862678 	-0.49894722164696625 	-0.2205402781675177 	-0.05481215342395282 	-0.4784976300265991 	0.15838911646316708 	0.4999999312046871 	0.49999990836709707 	0.34860597899817003 	-0.06723599249471875 	0.3373429362022412 	-0.4994603023971572 	-0.27685646152161425 	-0.05911079921157354 	-0.49894722164688426 	-0.03491505607896533 	0.5000000412421497 	5.48520988186847E-4 	-0.032099617752482074 	0.10817830600085515 	0.1268255877031129 	0.2172525019623191 	0.325116997736135 	-0.01774319998806015 	0.11011561227078118 	0.2615541624586173 	0.26693985821546595 	0.04414260252150659 	-0.3333023651437939 	0.3044842497787797 	0.007514335153162332 	-0.19945710108825435 	-0.023506740704695276 	0.055888222843378056 	0.30128524447097893 	0.40000026627502 	0.393068363628488 	0.400000381416595 	-0.9999999999664575 	10.00000000007001 	-0.9999999999643262 	-1.0000000013461285 	-0.9999999999746421 	-0.4543341172175898 	-1.000000001288239 	1.9556652855863272 	6.284212943816755 	1.6120272381009468 	-1.0000000007925802 	-0.9999999999697929 	6.584424569682433
91 	1617875.3678692526 	0.10014113845552323 	-0.4991433543676075 	-0.2726036537175389 	-0.0668675002003668 	-0.4752728895336038 	0.1765680223705441 	0.49999994402323034 	0.4999999254375733 	0.35985814088417006 	-0.06215122062339341 	0.36764596428360774 	-0.4921348032850287 	-0.30514424899122566 	-0.032982149292164184 	-0.499143354367522 	-0.02718284578953915 	0.5000000491905149 	0.0024045607893818746 	-0.033726466992991845 	0.10753996216659323 	0.12711693120880985 	0.21155010487210918 	0.3260287985248198 	-0.014549493118529285 	0.10692994068698534 	0.2619928879655325 	0.2369940710376055 	0.03897761177807226 	-0.3385214815724656 	0.3060317104238734 	0.007279474472905689 	-0.1980406799878644 	-0.021916519098153432 	0.04537421386036697 	0.3016974616218463 	0.4000003558378262 	0.39435972821346654 	0.4000005979258458 	-0.9999999999727084 	10.000000000083096 	-0.9999999999709694 	-1.000000002157092 	-0.3099348099503996 	-0.55599172852895 	-1.0000000010482806 	2.8131552065940957 	5.330420425076026 	1.1254062891213397 	-1.0000000009484702 	-0.9999999999754259 	6.671843017883466
92 	1612390.9756589907 	0.10656653237479027 	-0.49933286187808795 	-0.32290836875811846 	-0.08899707533106187 	-0.4730434122704199 	0.19281718249468088 	0.49999995640937717 	0.49999994193156183 	0.377026365326773 	-0.059293975359595644 	0.39692537954306456 	-0.48928981969910995 	-0.32499175731940216 	-0.015255972668172794 	-0.4993328618779974 	-0.009983739308916372 	0.5000000817264026 	0.003667959843175316 	-0.036928799049524404 	0.10815463333845313 	0.12750314845111876 	0.20604457444458607 	0.32718976018292895 	-0.012228255915742243 	0.10404848185522188 	0.26268342020705754 	0.2043592208868204 	0.03233560226013513 	-0.3441103467005323 	0.30672594169758877 	0.006243444840940632 	-0.19760559997124857 	-0.02106482828019024 	0.03386892914842725 	0.30901197882457043 	0.4000005786480146 	0.3956074715033584 	0.4000010336835823 	-0.999999999978745 	10.00000000010162 	-0.9999999999773768 	-1.0000000038516654 	0.17301807878541592 	-0.6542154244528272 	-1.000000000816434 	3.30683108574864 	4.130209862460629 	0.6552230189637087 	-1.0000000012695305 	-0.3078175778698585 	6.697146575290554
93 	1616508.5521094708 	0.1149133750518466 	-0.4995172036342292 	-0.37219510205165307 	-0.12209844565868322 	-0.4678584338079419 	0.2169805335377275 	0.4999999684790425 	0.499999957965394 	0.3951273541186736 	-0.05496078221205864 	0.425406554409645 	-0.4799639964004196 	-0.37299851077577006 	0.00892730097406061 	-0.4995172036341375 	0.004703572735863276 	0.5000001280984988 	0.0037000290241796033 	-0.037789808435255784 	0.10701135354469493 	0.12632699219210244 	0.20249656323375967 	0.32679170024362947 	-0.009086117694292217 	0.10223957791561311 	0.2626560537138933 	0.18163930134732187 	0.025633111330990947 	-0.35053516814635466 	0.3081673031590721 	0.006193835518542077 	-0.19207191233389898 	-0.020792322936313473 	0.025417974192864432 	0.30016148735344084 	0.40000093049000096 	0.39682119775485464 	0.40000177037870216 	-0.9999999999846013 	10.000000000175147 	-0.9919717611668148 	-1.0000000053384555 	-0.15110567610278314 	-0.7497612621827914 	-1.0000000005915108 	4.29661060185237 	4.843455364098195 	0.1978582862395749 	-1.0000000016351052 	-0.4990787099750532 	6.831327340559013
94 	1614822.3216306479 	0.10239311103626213 	-0.4992406910000169 	-0.2982650021113513 	-0.07244639016725127 	-0.47563590150165874 	0.18073550697315754 	0.4999999503745449 	0.4999999339146457 	0.3679758709308227 	-0.06146057193336411 	0.3826847921097742 	-0.49395273134845485 	-0.300988380591218 	-0.027347609489289507 	-0.49924069099992724 	-0.017327395331306224 	0.5000000585403547 	0.003651925252673176 	-0.0364982943566587 	0.1087262732353322 	0.12809122658062688 	0.2078185800499993 	0.32738879015257866 	-0.013799325026467262 	0.10495293382502627 	0.2626971034536397 	0.21571918065656964 	0.035686847724707225 	-0.34089793597762114 	0.3060052609668471 	0.006268249502139904 	-0.20037244378992347 	-0.021201080952128602 	0.03809440662620865 	0.3134372245601352 	0.4000004027270214 	0.3950006083776102 	0.4000006653360224 	-0.9999999999758172 	10.000000000064855 	-1.0040141193826582 	-1.0000000031082705 	0.33507995622951603 	-0.6064425055878448 	-1.0000000009288952 	2.8119413276967764 	3.773587111641846 	0.8839053853257759 	-1.0000000010867431 	-0.21218701181726124 	6.630056192656325
95 	1612174.3587121288 	0.10865324304405435 	-0.4993789473171236 	-0.335230052081502 	-0.09727241791296717 	-0.47174716765480074 	0.19885802025544264 	0.4999999594267934 	0.4999999459400198 	0.38155161252474823 	-0.058210677072711416 	0.4040456732597098 	-0.4869583638744373 	-0.3369934456834942 	-0.009210154257614449 	-0.49937894731703214 	-0.006311911297721454 	0.5000000933194267 	0.003675977138426386 	-0.03714405139595726 	0.10786881339001367 	0.12720910938636462 	0.20515757164187937 	0.32709024519810387 	-0.01144272136037973 	0.1035962558703196 	0.2626765785837665 	0.19867924100194584 	0.03065997952784909 	-0.34571655206198787 	0.3070862820629598 	0.006231042510340993 	-0.19622217806191114 	-0.020996701944221055 	0.03175619040953654 	0.3067993559567879 	0.400000666608511 	0.3959109030662326 	0.40000121785736253 	-0.9999999999802092 	10.00000000012 	-0.9979929402747366 	-1.0000000042233634 	0.09198714006336578 	-0.6781018838853189 	-1.0000000007602037 	3.554275964774572 	4.308521237870023 	0.540881835782675 	-1.000000001360925 	-0.3556328608961574 	6.730691766607667
96 	1620872.6195732665 	0.11453571377464174 	-0.4989831085223495 	-0.3784657946712527 	-0.12874624544940041 	-0.4675939330350065 	0.21716302494729028 	0.4999999700831361 	0.4999999601214944 	0.40051623785945195 	-0.055323385159425746 	0.42922415163846106 	-0.48201555511034305 	-0.3760687656175047 	0.007975081852669813 	-0.4989831085222562 	0.018068524203967498 	0.5000001361775788 	0.002398787218808108 	-0.038146885103675886 	0.10783427807181414 	0.12719565081644735 	0.2006097168723273 	0.3273993115613076 	-0.007646201136578347 	0.10107892378674069 	0.262982435854409 	0.1760158348857053 	0.023553302040887656 	-0.35268098604863635 	0.3081795995407422 	0.006057365881935456 	-0.1917451172682155 	-0.02090342618856952 	0.021946886452221162 	0.30259894774415635 	0.4000010608213088 	0.39698388478684243 	0.4000020120060739 	-0.5760008487130941 	10.000000000151056 	-0.9985195940344418 	-1.0000000057520348 	-0.19455100286985938 	-0.7625681610250188 	-1.0000000005608993 	4.179206900275719 	2.915561777620976 	0.13655342979131316 	-1.000000001725137 	0.42536454132430457 	6.750547069727071
97 	1612975.4684779567 	0.10571200767876066 	-0.4995768667145106 	-0.31361218078662667 	-0.08153550414475037 	-0.4738237849646979 	0.1897055179095186 	0.49999995409862225 	0.49999993884928257 	0.3720692998573965 	-0.059654323029354216 	0.39145643407033415 	-0.48942976825648465 	-0.31745578571648914 	-0.01780277231275662 	-0.49957686671441975 	-0.018502129048565942 	0.5000000718903507 	0.0043145720982355265 	-0.036642634542097936 	0.10788608104911335 	0.12721583867132324 	0.2074314990266554 	0.32693571201650196 	-0.013340981472280414 	0.10485492191210909 	0.2625236499484452 	0.21001094406006607 	0.0342133182713298 	-0.34223433506866363 	0.3065396233240685 	0.006317880824543763 	-0.1984607084587589 	-0.02104333982204683 	0.03666084238819426 	0.30889956006310376 	0.4000004695021119 	0.3953744122059278 	0.40000082078300725 	-1.2119995756137665 	10.000000000104478 	-0.997729613394884 	-1.0000000034590273 	0.23525621152997778 	-0.6358687453154678 	-1.0000000008598564 	3.2418104970239967 	5.005000967994547 	0.743046038778356 	-1.0000000011788193 	-0.7461315620063883 	6.720764115047963
98 	1613113.1447879926 	0.11012386072670116 	-0.4992799876184303 	-0.3460389877289396 	-0.10514087479707551 	-0.4707088589998523 	0.2034342714284047 	0.49999996209087905 	0.4999999494853885 	0.3862927688584241 	-0.057488854094390016 	0.4103402928543977 	-0.4857226616834137 	-0.34676227566699647 	-0.004913845230043374 	-0.4992799876183382 	-2.1680242229920831E-4 	0.5000001040339646 	0.003356679658521813 	-0.03739475982288691 	0.10786017956046373 	0.12720574474388535 	0.20402060794949128 	0.3271675117889049 	-0.01049359130442939 	0.10296692284942484 	0.2627530429014272 	0.19301338947288565 	0.028883310156108753 	-0.34745766055865 	0.30735961143240553 	0.0061876233532396135 	-0.19510291286348724 	-0.020973383005308162 	0.029303864420207694 	0.30574925390363 	0.40000076516171046 	0.39617914849638536 	0.4000014163945403 	-0.8940002121634307 	10.00000000012777 	-0.998124603714663 	-1.0000000046055317 	0.02035260433005931 	-0.6992184531702444 	-1.0000000007103775 	3.71050869864986 	3.9602813728077595 	0.4397997342848343 	-1.0000000014519783 	-0.1603835103410423 	6.735655592387519
99 	1612090.585560867 	0.10791793420273094 	-0.49942842716647023 	-0.32982558425778313 	-0.09333818947091303 	-0.47226632198227514 	0.19656989466896163 	0.49999995809475056 	0.49999994416733534 	0.37918103435791034 	-0.05857158856187213 	0.40089836346236585 	-0.4875762149699491 	-0.332109030691743 	-0.011358308771399995 	-0.49942842716637936 	-0.009359465735432572 	0.5000000879621578 	0.0038356258783786706 	-0.037018697182492434 	0.10787313030478861 	0.12721079170760424 	0.20572605348807332 	0.3270516119027035 	-0.0119172863883549 	0.10391092238076699 	0.26263834642493616 	0.2015121667664759 	0.031548314213719265 	-0.3448459978136568 	0.3069496173782369 	0.006252752088891683 	-0.19678181066112305 	-0.02100836141367749 	0.03298235340420095 	0.3073244069833668 	0.4000006173319114 	0.39577678035115643 	0.4000011185887735 	-1.0529998938885987 	10.000000000116122 	-0.9979271085547736 	-1.0000000040322798 	0.1278044079300188 	-0.6675435992428561 	-1.0000000007851173 	3.476159597836929 	4.4826411704011555 	0.5914228865315954 	-1.000000001315398 	-0.45325753617371517 	6.728209853717736
-1 	1612090.585560867 	0.10791793420273094 	-0.49942842716647023 	-0.32982558425778313 	-0.09333818947091303 	-0.47226632198227514 	0.19656989466896163 	0.49999995809475056 	0.49999994416733534 	0.37918103435791034 	-0.05857158856187213 	0.40089836346236585 	-0.4875762149699491 	-0.332109030691743 	-0.011358308771399995 	-0.49942842716637936 	-0.009359465735432572 	0.5000000879621578 	0.0038356258783786706 	-0.037018697182492434 	0.10787313030478861 	0.12721079170760424 	0.20572605348807332 	0.3270516119027035 	-0.0119172863883549 	0.10391092238076699 	0.26263834642493616 	0.2015121667664759 	0.031548314213719265 	-0.3448459978136568 	0.3069496173782369 	0.006252752088891683 	-0.19678181066112305 	-0.02100836141367749 	0.03298235340420095 	0.3073244069833668 	0.4000006173319114 	0.39577678035115643 	0.4000011185887735 	-1.0529998938885987 	10.000000000116122 	-0.9979271085547736 	-1.0000000040322798 	0.1278044079300188 	-0.6675435992428561 	-1.0000000007851173 	3.476159597836929 	4.4826411704011555 	0.5914228865315954 	-1.000000001315398 	-0.45325753617371517 	6.728209853717736
